{
  "$schema": "http://json.schemastore.org/sarif-1.0.0",
  "version": "1.0.0",
  "runs": [
    {
      "tool": {
        "name": "Microsoft (R) Visual C# Compiler",
        "version": "2.10.0.0",
        "fileVersion": "2.10.0.0 (b9fb1610)",
        "semanticVersion": "2.10.0",
        "language": "en-US"
      },
      "results": [
        {
          "ruleId": "CS0219",
          "level": "warning",
          "message": "The variable 'returned' is assigned but its value is never used",
          "locations": [
            {
              "resultFile": {
                "uri": "file:///C:/A1/_work/11/s/src/Rules/Mobilize.Rules.CSharpToCSharpWeb/ListViewHelperItemClick.cs",
                "region": {
                  "startLine": 37,
                  "startColumn": 17,
                  "endLine": 37,
                  "endColumn": 25
                }
              }
            }
          ],
          "properties": {
            "warningLevel": 3
          }
        },
        {
          "ruleId": "S125",
          "level": "warning",
          "message": "Remove this commented out code.",
          "locations": [
            {
              "resultFile": {
                "uri": "file:///C:/A1/_work/11/s/src/Rules/Mobilize.Rules.CSharpToCSharpWeb/ReferenceEquals.cs",
                "region": {
                  "startLine": 46,
                  "startColumn": 9,
                  "endLine": 46,
                  "endColumn": 88
                }
              }
            }
          ],
          "properties": {
            "warningLevel": 1
          }
        },
        {
          "ruleId": "S1135",
          "level": "warning",
          "message": "Complete the task associated to this 'TODO' comment.",
          "locations": [
            {
              "resultFile": {
                "uri": "file:///C:/A1/_work/11/s/src/Rules/Mobilize.Rules.CSharpToCSharpWeb/ReferenceEquals.cs",
                "region": {
                  "startLine": 45,
                  "startColumn": 11,
                  "endLine": 45,
                  "endColumn": 15
                }
              }
            }
          ],
          "properties": {
            "warningLevel": 1
          }
        }
      ],
      "rules": {
        "CS0219": {
          "id": "CS0219",
          "shortDescription": "Variable is assigned but its value is never used",
          "defaultLevel": "warning",
          "properties": {
            "category": "Compiler",
            "isEnabledByDefault": true,
            "tags": [
              "Compiler",
              "Telemetry"
            ]
          }
        },
        "S1135": {
          "id": "S1135",
          "shortDescription": "Track uses of \"TODO\" tags",
          "fullDescription": "TODO tags are commonly used to mark places where some more code is required, but which the developer wants to implement later.",
          "defaultLevel": "warning",
          "helpUri": "https://rules.sonarsource.com/csharp/RSPEC-1135",
          "properties": {
            "category": "Info Code Smell",
            "isEnabledByDefault": true,
            "tags": [
              "C#",
              "SonarWay",
              "MainSourceScope",
              "TestSourceScope"
            ]
          }
        },
        "S125": {
          "id": "S125",
          "shortDescription": "Sections of code should not be \"commented out\"",
          "fullDescription": "Programmers should not comment out code as it bloats programs and reduces readability.",
          "defaultLevel": "warning",
          "helpUri": "https://rules.sonarsource.com/csharp/RSPEC-125",
          "properties": {
            "category": "Major Code Smell",
            "isEnabledByDefault": true,
            "tags": [
              "C#",
              "SonarWay",
              "MainSourceScope",
              "TestSourceScope"
            ]
          }
        }
      }
    }
  ]
}