<?xml version="1.0"?>
<doc>
    <assembly>
        <name>Mobilize.Services.HtmlGenerationService</name>
    </assembly>
    <members>
        <member name="T:Mobilize.Services.HtmlGenerationService.FrontEndGeneratorCatalog">
            <summary>
            FrontEndgEnneratorCatalog Implementation.
            </summary>
            <seealso cref="T:Mobilize.HtmlGenerator.Abstractions.Interfaces.IFrontEndGeneratorCatalog" />
        </member>
        <member name="P:Mobilize.Services.HtmlGenerationService.FrontEndGeneratorCatalog.Generators">
            <summary>
            Gets or sets the generators.
            </summary>
            <value>
            The generators.
            </value>
        </member>
        <member name="P:Mobilize.Services.HtmlGenerationService.FrontEndGeneratorCatalog.Logger">
            <summary>
            Gets or sets a logger
            </summary>
        </member>
        <member name="P:Mobilize.Services.HtmlGenerationService.FrontEndGeneratorCatalog.ComponentGenerators">
            <summary>
            Gets or sets the component generators.
            </summary>
            <value>
            The component generators.
            </value>
        </member>
        <member name="M:Mobilize.Services.HtmlGenerationService.FrontEndGeneratorCatalog.Get(System.String)">
            <inheritdoc/>
        </member>
        <member name="M:Mobilize.Services.HtmlGenerationService.FrontEndGeneratorCatalog.GetComponentGenerator(System.String)">
            <inheritdoc/>
        </member>
        <member name="T:Mobilize.Services.HtmlGenerationService.HtmlGenerationService">
            <summary>
            Implementation of FrontEnd generation service
            </summary>
        </member>
        <member name="M:Mobilize.Services.HtmlGenerationService.HtmlGenerationService.#ctor(System.IO.Abstractions.IFileSystem,Mobilize.HtmlGenerator.Abstractions.Interfaces.IPoRTConfiguration,Microsoft.Extensions.Logging.ILogger)">
            <summary>
            Initializes a new instance of the <see cref="T:Mobilize.Services.HtmlGenerationService.HtmlGenerationService"/> class.
            </summary>
            <param name="fileSystem">The file system.</param>
            <param name="portConfiguration">The PoRT configuration</param>
            <param name="logger">the logger</param>
        </member>
        <member name="P:Mobilize.Services.HtmlGenerationService.HtmlGenerationService.Catalog">
            <summary>
            Gets or sets the catalog.
            </summary>
            <value>
            The catalog.
            </value>
        </member>
        <member name="P:Mobilize.Services.HtmlGenerationService.HtmlGenerationService.FileSystem">
            <summary>
            Gets FileSystem
            </summary>
        </member>
        <member name="P:Mobilize.Services.HtmlGenerationService.HtmlGenerationService.PoRTConfiguration">
            <summary>
            Gets the Responsive configuration
            </summary>
        </member>
        <member name="M:Mobilize.Services.HtmlGenerationService.HtmlGenerationService.GenerateStubStyles(Mobilize.HtmlGenerator.Abstractions.Interfaces.IView)">
            <summary>
            Generates the stub.
            </summary>
            <param name="view">The view.</param>
        </member>
        <member name="M:Mobilize.Services.HtmlGenerationService.HtmlGenerationService.Generate(System.String,Mobilize.HtmlGenerator.Abstractions.Interfaces.IView,System.String,System.String)">
            <inheritdoc/>
        </member>
        <member name="M:Mobilize.Services.HtmlGenerationService.HtmlGenerationService.HandleStubComponentGenerator(Mobilize.HtmlGenerator.Abstractions.Interfaces.IFrontEndGenerator,Mobilize.HtmlGenerator.Abstractions.Interfaces.IView)">
            <summary>
            Handles the stub component generator.
            </summary>
            <param name="innerGenerator">The inner generator.</param>
            <param name="view">The view.</param>
            <returns>True if the stub was handled and CSS properties should be written</returns>
        </member>
        <member name="T:Mobilize.Services.HtmlGenerationService.Resources">
            <summary>
              A strongly-typed resource class, for looking up localized strings, etc.
            </summary>
        </member>
        <member name="P:Mobilize.Services.HtmlGenerationService.Resources.ResourceManager">
            <summary>
              Returns the cached ResourceManager instance used by this class.
            </summary>
        </member>
        <member name="P:Mobilize.Services.HtmlGenerationService.Resources.Culture">
            <summary>
              Overrides the current thread's CurrentUICulture property for all
              resource lookups using this strongly typed resource class.
            </summary>
        </member>
        <member name="P:Mobilize.Services.HtmlGenerationService.Resources.HTMLGEN0001">
            <summary>
              Looks up a localized string similar to HTMLGEN0001: The catalog of generators is not initialized..
            </summary>
        </member>
        <member name="P:Mobilize.Services.HtmlGenerationService.Resources.HTMLGEN0002">
            <summary>
              Looks up a localized string similar to HTMLGEN0002: component generator not found.
            </summary>
        </member>
        <member name="P:Mobilize.Services.HtmlGenerationService.Resources.HTMLGEN0003">
            <summary>
              Looks up a localized string similar to HTMLGEN0003: view cannot be null and its name cannot be null.
            </summary>
        </member>
        <member name="P:Mobilize.Services.HtmlGenerationService.Resources.HTMLGEN0004">
            <summary>
              Looks up a localized string similar to HTMLGEN0004: Start html view generation for view {0}.
            </summary>
        </member>
        <member name="P:Mobilize.Services.HtmlGenerationService.Resources.HTMLGEN0005">
            <summary>
              Looks up a localized string similar to HTMLGEN0005: Finish html view generation for view {0}. Generated view will be saved to file {1}.
            </summary>
        </member>
        <member name="P:Mobilize.Services.HtmlGenerationService.Resources.HTMLGEN0006">
            <summary>
              Looks up a localized string similar to HTMLGEN0006: Error while saving view {0} to file {1}. Message {2}.
            </summary>
        </member>
        <member name="P:Mobilize.Services.HtmlGenerationService.Resources.HTMLGEN0007">
            <summary>
              Looks up a localized string similar to HTMLGEN0007: Frontend generator not found for type {0}.
            </summary>
        </member>
        <member name="P:Mobilize.Services.HtmlGenerationService.Resources.HTMLGEN0008">
            <summary>
              Looks up a localized string similar to HTMLGEN0008: Frontend component generator not found for type {0}.
            </summary>
        </member>
    </members>
</doc>
