<?xml version="1.0"?>
<doc>
    <assembly>
        <name>Mobilize.PropertiesPostProcessors.Abstractions</name>
    </assembly>
    <members>
        <member name="T:Mobilize.PropertiesPostProcessor.Abstractions.CollectionInformation">
            <summary>
            Collection Information
            </summary>
        </member>
        <member name="P:Mobilize.PropertiesPostProcessor.Abstractions.CollectionInformation.WindowView">
            <inheritdoc/>
        </member>
        <member name="T:Mobilize.PropertiesPostProcessor.Abstractions.ICollectionInformation">
            <summary>
            Collection Information interface
            </summary>
        </member>
        <member name="P:Mobilize.PropertiesPostProcessor.Abstractions.ICollectionInformation.WindowView">
            <summary>
            Gets or sets gets the window view.
            </summary>
            <value>
            The window view.
            </value>
        </member>
        <member name="T:Mobilize.PropertiesPostProcessor.Abstractions.IPropertiesPostProcessor">
            <summary>
            Interface for post processing view properties
            </summary>
        </member>
        <member name="P:Mobilize.PropertiesPostProcessor.Abstractions.IPropertiesPostProcessor.Type">
            <summary>
            Gets the control type.
            </summary>
            <value>
            The name.
            </value>
        </member>
        <member name="M:Mobilize.PropertiesPostProcessor.Abstractions.IPropertiesPostProcessor.PostProcessProperties(Mobilize.HtmlGenerator.Abstractions.Interfaces.IView,Mobilize.PropertiesPostProcessor.Abstractions.ICollectionInformation)">
            <summary>
            PostProcesses the properties of the view
            </summary>
            <param name="view">The control view.</param>
            <param name="info">The collection info</param>
        </member>
    </members>
</doc>
