<?xml version="1.0"?>
<doc>
    <assembly>
        <name>Mobilize.WFNetMAP.ConversionTool.Core</name>
    </assembly>
    <members>
        <member name="T:Mobilize.WFNetMAP.ConversionTool.Core.ICSharpToCSharpWebContext">
            <summary>
            The Context class containing results and symbol information during the conversion
            </summary>
            <seealso cref="T:Mobilize.TransformationCore.IContext" />
        </member>
        <member name="P:Mobilize.WFNetMAP.ConversionTool.Core.ICSharpToCSharpWebContext.CurrentClassName">
            <summary>
            Gets or sets the name of the current class.
            </summary>
            <value>
            The name of the current class.
            </value>
        </member>
        <member name="T:Mobilize.WFNetMAP.ConversionTool.Core.Extensions.AstExtensions">
            <summary>
            General extensions to CSharp AST
            </summary>
        </member>
        <member name="M:Mobilize.WFNetMAP.ConversionTool.Core.Extensions.AstExtensions.GetValidIdentifier(System.String)">
            <summary>
            Gets the valid identifier.
            </summary>
            <param name="name">The name.</param>
            <returns>a correct name for a indentifier</returns>
        </member>
        <member name="M:Mobilize.WFNetMAP.ConversionTool.Core.Extensions.AstExtensions.Build``2(Artinsoft.Common.AST.BaseBuilder{``0,``1},Mobilize.TransformationCore.IContext)">
            <summary>
            Extension method to allow building and maintining the semantic model
            </summary>
            <typeparam name="T">AST Type</typeparam>
            <typeparam name="TComment">Comment Type</typeparam>
            <param name="baseBuilder">the builder that might need semantic information</param>
            <param name="context">the context</param>
            <returns>the new AST tree</returns>
        </member>
        <member name="M:Mobilize.WFNetMAP.ConversionTool.Core.Extensions.AstExtensions.MarkNodeAsTransformed``1(``0,Mobilize.TransformationCore.IContext)">
            <summary>
            Returns the node and mark it as transformed.
            </summary>
            <typeparam name="T">The IAst type node</typeparam>
            <param name="node">The node.</param>
            <param name="context">The context.</param>
            <returns>The ICompound node.</returns>
        </member>
        <member name="M:Mobilize.WFNetMAP.ConversionTool.Core.Extensions.AstExtensions.MarkNodeAsTransformed``1(``0,``0,Mobilize.TransformationCore.IContext)">
            <summary>
            Returns the node and mark it as transformed.
            </summary>
            <typeparam name="T">The node type.</typeparam>
            <param name="node">The node.</param>
            <param name="originalNode">The original node.</param>
            <param name="context">The context.</param>
            <returns>The ICompound node.</returns>
        </member>
        <member name="T:Mobilize.WFNetMAP.ConversionTool.Core.Extensions.PathExtensions">
            <summary>
            General extention for getting a path.
            </summary>
        </member>
        <member name="M:Mobilize.WFNetMAP.ConversionTool.Core.Extensions.PathExtensions.GetRelativePath(System.String,System.String)">
            <summary>
            Gets the relative path between two paths.
            </summary>
            <param name="sourcePath">The source path.</param>
            <param name="destinyPath">The destination path.</param>
            <returns>a correct name for a indentifier</returns>
        </member>
        <member name="M:Mobilize.WFNetMAP.ConversionTool.Core.Extensions.PathExtensions.GetCommonRootPath(System.Collections.Generic.IEnumerable{System.String})">
            <summary>
            Get the common path of all the passed paths
            </summary>
            <param name="paths">Enumerable of paths information</param>
            <returns>The common path</returns>
        </member>
        <member name="M:Mobilize.WFNetMAP.ConversionTool.Core.Extensions.PathExtensions.IsSubPathOf(System.String,System.String)">
            <summary>
            Method to determinate if path is a subpath of baseDirPath
            </summary>
            <param name="path">The path that needs to be checked</param>
            <param name="baseDirPath">The base path which is being used</param>
            <returns>True if it's a subpath, false otherwise</returns>
        </member>
        <member name="M:Mobilize.WFNetMAP.ConversionTool.Core.Extensions.PathExtensions.WithEnding(System.String,System.String)">
            <summary>
            Returns a string with the minimal concatenation.
            <example>"hel".WithEnding("llo") returns "hello", which is the result of "hel" + "lo".</example>
            </summary>
            <param name="str">the string that needs the concatenation to be added</param>
            <param name="ending">the concatenation that will be added to the string</param>
            <returns>The string with the concatenation</returns>
        </member>
        <member name="M:Mobilize.WFNetMAP.ConversionTool.Core.Extensions.PathExtensions.Right(System.String,System.Int32)">
            <summary>Gets the rightmost characters from a string.</summary>
            <param name="value">The string to retrieve the substring from.</param>
            <param name="length">The number of characters to retrieve.</param>
            <returns>The substring.</returns>
        </member>
        <member name="T:Mobilize.WFNetMAP.ConversionTool.Core.Extensions.SymbolExtensions">
            <summary>
            General extensions for symbol information.
            </summary>
        </member>
        <member name="M:Mobilize.WFNetMAP.ConversionTool.Core.Extensions.SymbolExtensions.ResolveSpecialType(Mobilize.Common.DotNet.Symbols.ITypeSymbol)">
            <summary>
            Resolves the special type of the symbol.
            </summary>
            <param name="typeSymbol">The type symbol.</param>
            <returns>The type ast when it is an special type.</returns>
        </member>
        <member name="T:Mobilize.WFNetMAP.ConversionTool.Core.Extensions.ToCSharpWebTransformationRuleExtensions">
            <summary>
            Extension methods for CSharp Web related transformations
            </summary>
        </member>
        <member name="M:Mobilize.WFNetMAP.ConversionTool.Core.Extensions.ToCSharpWebTransformationRuleExtensions.ToCSWeb``2(``0,Mobilize.TransformationCore.IContext,Mobilize.WFNetMAP.ConversionTool.Core.TransformationState,Mobilize.TransformationCore.Category,Mobilize.TransformationCore.Complexity)">
            <summary>
            Applies rules to transform the node to csharp web node of type TOutput.
            </summary>
            <typeparam name="TInput">The type of the input.</typeparam>
            <typeparam name="TOutput">The type of the output.</typeparam>
            <param name="node">The node.</param>
            <param name="context">The context.</param>
            <param name="state">The transformation state.</param>
            <param name="category">The category.</param>
            <param name="complexity">The complexity.</param>
            <returns>
            If no transformation is found a issue is generated, and returns the input node untransformed
            </returns>
        </member>
        <member name="M:Mobilize.WFNetMAP.ConversionTool.Core.Extensions.ToCSharpWebTransformationRuleExtensions.ReportIssueAndModifyifStubbedNode``1(Mobilize.TransformationCore.IContext,Mobilize.WFNetMAP.ConversionTool.Core.TransformationState,Artinsoft.Common.AST.ICompound,Mobilize.TransformationCore.Category,Mobilize.TransformationCore.Complexity)">
            <summary>
            Reports the issue and return null.
            </summary>
            <typeparam name="TOutput">The type of the output.</typeparam>
            <param name="context">The context.</param>
            <param name="state">The transformation state.</param>
            <param name="node">The node.</param>
            <param name="category">The category.</param>
            <param name="complexity">The complexity.</param>
            <returns>null and reports an issue</returns>
        </member>
        <member name="T:Mobilize.WFNetMAP.ConversionTool.Core.Extensions.ToTypescriptTransformationRuleExtensions">
            <summary>
            Extension methods for CSharp to Typescript related transformations
            </summary>
        </member>
        <member name="M:Mobilize.WFNetMAP.ConversionTool.Core.Extensions.ToTypescriptTransformationRuleExtensions.ToTypescript``2(``0,Mobilize.TransformationCore.IContext,Mobilize.TransformationCore.Category,Mobilize.TransformationCore.Complexity)">
            <summary>
            Applies rules to transform the node to csharp web node of type TOutput.
            </summary>
            <typeparam name="TInput">The type of the input.</typeparam>
            <typeparam name="TOutput">The type of the output.</typeparam>
            <param name="node">The node.</param>
            <param name="context">The context.</param>
            <param name="category">The category.</param>
            <param name="complexity">The complexity.</param>
            <returns>
            If no transformation is found a issue is generated, and returns the input node untransformed
            </returns>
        </member>
        <member name="T:Mobilize.WFNetMAP.ConversionTool.Core.AngularGeneratorUtils">
            <summary>
            Angular generation paths
            </summary>
        </member>
        <member name="F:Mobilize.WFNetMAP.ConversionTool.Core.AngularGeneratorUtils.AngularTemplatePath">
            <summary>
            The angular template path
            </summary>
        </member>
        <member name="M:Mobilize.WFNetMAP.ConversionTool.Core.AngularGeneratorUtils.AngularDirName(System.String)">
            <summary>
            Angular directory name.
            </summary>
            <param name="appName">Name of the application.</param>
            <returns>The angular directory name</returns>
        </member>
        <member name="M:Mobilize.WFNetMAP.ConversionTool.Core.AngularGeneratorUtils.AppMainModulePath(System.String,System.String)">
            <summary>
            AppModule path.
            </summary>
            <param name="outputPath">The output path.</param>
            <param name="appName">The app name</param>
            <returns>The application module path</returns>
        </member>
        <member name="M:Mobilize.WFNetMAP.ConversionTool.Core.AngularGeneratorUtils.ImagesFolderPath(System.String,System.String)">
            <summary>
            Images the folder path.
            </summary>
            <param name="outputPath">The output path.</param>
            <param name="appName">Name of the application.</param>
            <returns>The Image path</returns>
        </member>
        <member name="M:Mobilize.WFNetMAP.ConversionTool.Core.AngularGeneratorUtils.ModulePath(System.String,System.String,System.String)">
            <summary>
            Module path.
            </summary>
            <param name="outputPath">The output path.</param>
            <param name="appName">The app name</param>
            <param name="moduleName">The module name</param>
            <returns>The application module path</returns>
        </member>
        <member name="M:Mobilize.WFNetMAP.ConversionTool.Core.AngularGeneratorUtils.ComponentPath(System.String,System.String,System.String,System.String)">
            <summary>
            Component path.
            </summary>
            <param name="outputPath">The output path.</param>
            <param name="appName">The app name</param>
            <param name="moduleName">The module name</param>
            <param name="componentName">The component name</param>
            <returns>The application module path</returns>
        </member>
        <member name="M:Mobilize.WFNetMAP.ConversionTool.Core.AngularGeneratorUtils.ResolveAsComponentName(System.String)">
            <summary>
            Resolve component name.
            </summary>
            <param name="componentName">The component name</param>
            <returns>The application module path</returns>
        </member>
        <member name="T:Mobilize.WFNetMAP.ConversionTool.Core.AngularModule">
            <summary>
            This class represents an Angular Module
            </summary>
        </member>
        <member name="M:Mobilize.WFNetMAP.ConversionTool.Core.AngularModule.#ctor(System.String)">
            <summary>
            Initializes a new instance of the <see cref="T:Mobilize.WFNetMAP.ConversionTool.Core.AngularModule"/> class.
            </summary>
            <param name="moduleName">Name of the module.</param>
        </member>
        <member name="P:Mobilize.WFNetMAP.ConversionTool.Core.AngularModule.ModuleName">
            <summary>
            Gets or sets the name of the module.
            </summary>
            <value>
            The name of the module.
            </value>
        </member>
        <member name="P:Mobilize.WFNetMAP.ConversionTool.Core.AngularModule.Components">
            <summary>
            Gets or sets the list of components names.
            </summary>
            <value>
            The components names.
            </value>
        </member>
        <member name="T:Mobilize.WFNetMAP.ConversionTool.Core.AngularProjectGenerator">
            <summary>
            This class generates the angular front end project
            </summary>
        </member>
        <member name="M:Mobilize.WFNetMAP.ConversionTool.Core.AngularProjectGenerator.#ctor(System.IServiceProvider,System.Collections.Generic.IDictionary{System.String,Mobilize.WFNetMAP.ConversionTool.Core.AngularModule},System.String,System.String,System.String)">
            <summary>
            Initializes a new instance of the <see cref="T:Mobilize.WFNetMAP.ConversionTool.Core.AngularProjectGenerator"/> class.
            </summary>
            <param name="serviceProvider">The service provider.</param>
            <param name="modules">The angular modules information to be generated</param>
            <param name="appName">The project name</param>
            <param name="outputPath">The output path</param>
            <param name="webComponentsVersion">The web components version to be added to the packages.json file</param>
        </member>
        <member name="P:Mobilize.WFNetMAP.ConversionTool.Core.AngularProjectGenerator.ServiceProjectGenerator">
            <summary>
            Gets or sets the service project generator.
            </summary>
            <value>
            The service project generator.
            </value>
        </member>
        <member name="M:Mobilize.WFNetMAP.ConversionTool.Core.AngularProjectGenerator.Run">
            <summary>
            Runs the angular generator
            </summary>
            <returns>the generation result</returns>
        </member>
        <member name="T:Mobilize.WFNetMAP.ConversionTool.Core.HtmlCssGenerator">
            <summary>
            This class invokes the HTML Generation service to create the html and css files of a form or user control
            </summary>
        </member>
        <member name="M:Mobilize.WFNetMAP.ConversionTool.Core.HtmlCssGenerator.#ctor(System.String,System.String,System.IServiceProvider)">
            <summary>
            Initializes a new instance of the <see cref="T:Mobilize.WFNetMAP.ConversionTool.Core.HtmlCssGenerator"/> class.
            </summary>
            <param name="className">The class name.</param>
            <param name="currentProject">The current project.</param>
            <param name="serviceProvider">The service provider.</param>
        </member>
        <member name="M:Mobilize.WFNetMAP.ConversionTool.Core.HtmlCssGenerator.Run(System.String,System.String)">
            <summary>
            Runs html generator using the specified output path.
            </summary>
            <param name="outputPath">The output path solution.</param>
            <param name="appName">Name of the application.</param>
        </member>
        <member name="T:Mobilize.WFNetMAP.ConversionTool.Core.ImageGenerator">
            <summary>
            This class generates the images
            </summary>
        </member>
        <member name="M:Mobilize.WFNetMAP.ConversionTool.Core.ImageGenerator.#ctor(System.IO.Abstractions.IFileSystem,Microsoft.Extensions.Logging.ILogger,System.String,System.String,System.String)">
            <summary>
            Initializes a new instance of the <see cref="T:Mobilize.WFNetMAP.ConversionTool.Core.ImageGenerator"/> class.
            </summary>
            <param name="fileSystem">The file system.</param>
            <param name="logger">The logger.</param>
            <param name="outputPath">The output path.</param>
            <param name="appName">Name of the application.</param>
            <param name="projectName">Name of the project.</param>
        </member>
        <member name="M:Mobilize.WFNetMAP.ConversionTool.Core.ImageGenerator.Run(Artinsoft.Common.AST.IAstSource)">
            <summary>
            Run the ImageGenerator
            </summary>
            <param name="instance">The instance.</param>
        </member>
        <member name="M:Mobilize.WFNetMAP.ConversionTool.Core.ImageGenerator.CreateBitmap(System.String,System.String,System.Collections.DictionaryEntry)">
            <summary>
            Creates the bitmap.
            </summary>
            <param name="projectName">Name of the project.</param>
            <param name="className">Name of the class.</param>
            <param name="entry">The entry.</param>
        </member>
        <member name="M:Mobilize.WFNetMAP.ConversionTool.Core.ImageGenerator.CreateBitmapForEveryImageListStreamerItems(System.String,System.String,System.Collections.DictionaryEntry)">
            <summary>
            Creates the bitmap for every image list streamer items.
            </summary>
            <param name="projectName">Name of the project.</param>
            <param name="className">Name of the class.</param>
            <param name="entry">The entry.</param>
            <returns>true if found ImageListStreamer, otherwise false</returns>
        </member>
        <member name="M:Mobilize.WFNetMAP.ConversionTool.Core.ImageGenerator.IsDesignerFile(Artinsoft.Common.AST.IAstSource)">
            <summary>
            Determines whether [is designer file] [the specified instance].
            </summary>
            <param name="instance">The instance.</param>
            <returns>
              <c>true</c> if [is designer file] [the specified instance]; otherwise, <c>false</c>.
            </returns>
        </member>
        <member name="M:Mobilize.WFNetMAP.ConversionTool.Core.ImageGenerator.ProcessImageEntry(System.String,System.String,System.Collections.DictionaryEntry)">
            <summary>
            Processes the image entry.
            </summary>
            <param name="projectName">Name of the project.</param>
            <param name="className">Name of the class.</param>
            <param name="entry">The entry.</param>
        </member>
        <member name="M:Mobilize.WFNetMAP.ConversionTool.Core.ImageGenerator.SearchClassName(Artinsoft.Common.AST.IAstSource)">
            <summary>
            Searches the name of the class.
            </summary>
            <param name="instance">The instance.</param>
            <returns>The class name</returns>
        </member>
        <member name="M:Mobilize.WFNetMAP.ConversionTool.Core.ImageGenerator.TryReadResourceFile(System.IO.FileInfo,System.String)">
            <summary>
            Tries the read resource file.
            </summary>
            <param name="file">The file.</param>
            <param name="resxName">Name of the RESX.</param>
            <returns>The resource set</returns>
        </member>
        <member name="T:Mobilize.WFNetMAP.ConversionTool.Core.PageObjectGenerator">
            <summary>
            Page object generator
            </summary>
        </member>
        <member name="M:Mobilize.WFNetMAP.ConversionTool.Core.PageObjectGenerator.#ctor(System.IServiceProvider)">
            <summary>
            Initializes a new instance of the <see cref="T:Mobilize.WFNetMAP.ConversionTool.Core.PageObjectGenerator"/> class.
            </summary>
            <param name="serviceProvider">The service provider.</param>
        </member>
        <member name="M:Mobilize.WFNetMAP.ConversionTool.Core.PageObjectGenerator.Run(System.String,System.String)">
            <summary>
            Runs the generator to write in the specified output path.
            </summary>
            <param name="outputPath">The output path.</param>
            <param name="systemName">The system name.</param>
        </member>
        <member name="T:Mobilize.WFNetMAP.ConversionTool.Core.ProjectGenerationConfigurer">
            <summary>
            Class that holds data required to generate the project
            </summary>
        </member>
        <member name="M:Mobilize.WFNetMAP.ConversionTool.Core.ProjectGenerationConfigurer.#ctor(System.String,System.String,System.String,System.String,System.Collections.Generic.List{System.String},System.Boolean,Microsoft.Extensions.Logging.ILogger)">
            <summary>
            Initializes a new instance of the <see cref="T:Mobilize.WFNetMAP.ConversionTool.Core.ProjectGenerationConfigurer"/> class.
            </summary>
            <param name="outPutPathProject">The output path for the project</param>
            <param name="startupObjectStatement">The statement for startup object</param>
            <param name="outPutPathSolution">The output path for the solution</param>
            <param name="inputRootPath">The root path of the solution</param>
            <param name="usedLibraries">All the library files used in the project</param>
        </member>
        <member name="P:Mobilize.WFNetMAP.ConversionTool.Core.ProjectGenerationConfigurer.OutPutPathProject">
            <summary>
            Gets or sets the output path for the project
            </summary>
        </member>
        <member name="P:Mobilize.WFNetMAP.ConversionTool.Core.ProjectGenerationConfigurer.StartupObjectStatement">
            <summary>
            Gets or sets the statement for startup object
            </summary>
        </member>
        <member name="P:Mobilize.WFNetMAP.ConversionTool.Core.ProjectGenerationConfigurer.OutPutPathSolution">
            <summary>
            Gets or sets the output path for the solution
            </summary>
        </member>
        <member name="P:Mobilize.WFNetMAP.ConversionTool.Core.ProjectGenerationConfigurer.LibraryFiles">
            <summary>
            Gets or sets the libraries that are inside the original solution project
            </summary>
        </member>
        <member name="P:Mobilize.WFNetMAP.ConversionTool.Core.ProjectGenerationConfigurer.Logger">
            <summary>
            Gets the logger.
            </summary>
            <value>
            The logger.
            </value>
        </member>
        <member name="P:Mobilize.WFNetMAP.ConversionTool.Core.ProjectGenerationConfigurer.LibraryReferences">
            <summary>
            Gets or sets a list of LibraryReferences items, they have (Name, HinthPath)
            </summary>
        </member>
        <member name="P:Mobilize.WFNetMAP.ConversionTool.Core.ProjectGenerationConfigurer.IsExecutableProject">
            <summary>
            Gets or sets a value indicating whether if set to <c>true</c> [is executable project]
            </summary>
        </member>
        <member name="M:Mobilize.WFNetMAP.ConversionTool.Core.ProjectGenerationConfigurer.CreateLibraries(System.IO.Abstractions.IFileSystem)">
            <summary>
            Create the library files in the lib folder of the new solution.
            </summary>
            <param name="filesystem">Data of FileSystem</param>
        </member>
        <member name="M:Mobilize.WFNetMAP.ConversionTool.Core.ProjectGenerationConfigurer.GetLibraryReferences">
            <summary>
            Turns all the path of the library files into library references.
            </summary>
            <returns>Returns a list of LibraryReferences (Name, HinthPath) </returns>
        </member>
        <member name="M:Mobilize.WFNetMAP.ConversionTool.Core.ProjectGenerationConfigurer.GetLocalLibraryFiles(System.Collections.Generic.IEnumerable{System.String},System.String)">
            <summary>
            Checks all the paths of the library files used by the project and saves those that are inside the original solution folder.
            </summary>
            <param name="libraryFiles">All the library files used in the project</param>
            <param name="inputRootPath">The root path of the solution</param>
            <returns>All the library files used that are inside the solution proyect</returns>
        </member>
        <member name="T:Mobilize.WFNetMAP.ConversionTool.Core.ProjectGenerator">
            <summary>
            This class generates the csproj file
            </summary>
        </member>
        <member name="M:Mobilize.WFNetMAP.ConversionTool.Core.ProjectGenerator.#ctor(System.IServiceProvider,System.Collections.Generic.IDictionary{System.String,System.String},Mobilize.ProjectGeneration.Abstractions.ProjectInformation,Mobilize.WFNetMAP.ConversionTool.Core.ProjectGenerationConfigurer)">
            <summary>
            Initializes a new instance of the <see cref="T:Mobilize.WFNetMAP.ConversionTool.Core.ProjectGenerator"/> class.
            </summary>
            <param name="serviceProvider">The service provider.</param>
            <param name="nugetsInformation">The nugets information.</param>
            <param name="projectInformation">The project information.</param>
            <param name="projectGenerationConfigurer">Configuration values to generate the project</param>
        </member>
        <member name="P:Mobilize.WFNetMAP.ConversionTool.Core.ProjectGenerator.LibraryReferences">
            <summary>
            Gets or sets the references to files .dll that this projects needs
            </summary>
        </member>
        <member name="M:Mobilize.WFNetMAP.ConversionTool.Core.ProjectGenerator.Run">
            <summary>
            Runs the solution generator.
            </summary>
            <returns>The Generation Result Successful, Failed or Partial</returns>
        </member>
        <member name="T:Mobilize.WFNetMAP.ConversionTool.Core.SolutionGenerator">
            <summary>
            This class generates the transformed solution and all its projects and files
            </summary>
        </member>
        <member name="M:Mobilize.WFNetMAP.ConversionTool.Core.SolutionGenerator.#ctor(System.IServiceProvider,System.Collections.Generic.IList{Mobilize.ProjectGeneration.Abstractions.ProjectInformation},System.String,System.String,System.Boolean)">
            <summary>
            Initializes a new instance of the <see cref="T:Mobilize.WFNetMAP.ConversionTool.Core.SolutionGenerator"/> class.
            </summary>
            <param name="serviceProvider">The service provider.</param>
            <param name="projectsInformation">The projects information.</param>
            <param name="outPutPath">The out put path.</param>
            <param name="solutionName">Name of the solution.</param>
            <param name="useProductionNugets">Use production nugets</param>
        </member>
        <member name="M:Mobilize.WFNetMAP.ConversionTool.Core.SolutionGenerator.Run">
            <summary>
            Runs the solution generator.
            </summary>
            <returns>The Generation Result Successful, Failed or Partial</returns>
        </member>
        <member name="T:Mobilize.WFNetMAP.ConversionTool.Core.ICSSemanticModel">
            <summary>
            Helper interface to expose symbolic information from the semantic model
            </summary>
        </member>
        <member name="P:Mobilize.WFNetMAP.ConversionTool.Core.ICSSemanticModel.SymbolicInformation">
            <summary>
            Gets the SymbolicInformation
            </summary>
        </member>
        <member name="T:Mobilize.WFNetMAP.ConversionTool.Core.ISymbolicInformation">
            <summary>
            The symbolic information interface that provides the symbol information.
            </summary>
            <seealso cref="T:Artinsoft.Common.Tools.ICopyTrackerTokenSource" />
        </member>
        <member name="M:Mobilize.WFNetMAP.ConversionTool.Core.ISymbolicInformation.GetSymbolInfo(Artinsoft.Common.AST.ICompound,System.Boolean,System.Threading.CancellationToken)">
            <summary>
            Gets the symbol information.
            </summary>
            <param name="comp">The compound.</param>
            <param name="accurate">if set to <c>true</c> [accurate].</param>
            <param name="cancellationToken">The cancellation token.</param>
            <returns>The symbol data.</returns>
        </member>
        <member name="T:Mobilize.WFNetMAP.ConversionTool.Core.MapRulesLoader">
            <summary>
            Class that loads the map rules
            </summary>
            <seealso cref="T:Mobilize.TransformationCore.TransformationRulesLoader" />
        </member>
        <member name="M:Mobilize.WFNetMAP.ConversionTool.Core.MapRulesLoader.#ctor(System.IO.Abstractions.IFileSystem)">
            <summary>
            Initializes a new instance of the <see cref="T:Mobilize.WFNetMAP.ConversionTool.Core.MapRulesLoader"/> class.
            </summary>
            <param name="fileSystem">The file system.</param>
        </member>
        <member name="M:Mobilize.WFNetMAP.ConversionTool.Core.MapRulesLoader.CreateLiteralMap(System.String,System.String,System.String)">
            <inheritdoc/>
        </member>
        <member name="M:Mobilize.WFNetMAP.ConversionTool.Core.MapRulesLoader.CreateTypeMap(System.String,System.String,System.String)">
            <inheritdoc/>
        </member>
        <member name="M:Mobilize.WFNetMAP.ConversionTool.Core.MapRulesLoader.CreateMethodSignatureMap(System.String,System.String,System.String,System.String[])">
            <inheritdoc/>
        </member>
        <member name="T:Mobilize.WFNetMAP.ConversionTool.Core.Properties.Resources">
            <summary>
              A strongly-typed resource class, for looking up localized strings, etc.
            </summary>
        </member>
        <member name="P:Mobilize.WFNetMAP.ConversionTool.Core.Properties.Resources.ResourceManager">
            <summary>
              Returns the cached ResourceManager instance used by this class.
            </summary>
        </member>
        <member name="P:Mobilize.WFNetMAP.ConversionTool.Core.Properties.Resources.Culture">
            <summary>
              Overrides the current thread's CurrentUICulture property for all
              resource lookups using this strongly typed resource class.
            </summary>
        </member>
        <member name="P:Mobilize.WFNetMAP.ConversionTool.Core.Properties.Resources.WFMAP0001">
            <summary>
              Looks up a localized string similar to WFMAP0001: Error loading required fundamental conversion services. .
            </summary>
        </member>
        <member name="P:Mobilize.WFNetMAP.ConversionTool.Core.Properties.Resources.WFMAP0002">
            <summary>
              Looks up a localized string similar to WFMAP0002: Transformation rule not foud for the type {0}.
            </summary>
        </member>
        <member name="P:Mobilize.WFNetMAP.ConversionTool.Core.Properties.Resources.WFMAP0003">
             <summary>
               Looks up a localized string similar to WFMAP0003: Error generating front-end project files. \n
            Path information: {0}
            Exception details:
            Message: {1}
            Source: {2}
            StackTrace: {3}
                .
             </summary>
        </member>
        <member name="P:Mobilize.WFNetMAP.ConversionTool.Core.Properties.Resources.WFMAP0004">
            <summary>
              Looks up a localized string similar to WFMAP0004: HTML and CSS Generation complete for {0} form in the project {1}.
            </summary>
        </member>
        <member name="P:Mobilize.WFNetMAP.ConversionTool.Core.Properties.Resources.WFMAP0005">
             <summary>
               Looks up a localized string similar to WFMAP0005: Error generating HTML and CSS for {0} form in the project {1}
            Exception Details:
            Mesage: {2}
            Source: {3}
            StackTrace: {4}
            .
             </summary>
        </member>
        <member name="P:Mobilize.WFNetMAP.ConversionTool.Core.Properties.Resources.WFMAP0006">
             <summary>
               Looks up a localized string similar to WFMAP0006: Error generating the image {0} of the class {1}.
            .
             </summary>
        </member>
        <member name="P:Mobilize.WFNetMAP.ConversionTool.Core.Properties.Resources.WFMAP0007">
             <summary>
               Looks up a localized string similar to WFMAP0007: Error writing project {0}
            Path info: {1}
            Exception Details:
            Message: {2}
            Source: {3}
            StackTrace: {4}.
             </summary>
        </member>
        <member name="P:Mobilize.WFNetMAP.ConversionTool.Core.Properties.Resources.WFMAP0008">
            <summary>
              Looks up a localized string similar to WFMAP0008: Not expected image type {0} for {1} class in the project {2}..
            </summary>
        </member>
        <member name="P:Mobilize.WFNetMAP.ConversionTool.Core.Properties.Resources.WFMAP0009">
            <summary>
              Looks up a localized string similar to WFMAP0009: Error collecting {0}&apos;s visual information. \n Please contact support with the message &apos;{1}&apos; and Stack {2}&quot;.
            </summary>
        </member>
        <member name="P:Mobilize.WFNetMAP.ConversionTool.Core.Properties.Resources.WFMAP0010">
            <summary>
              Looks up a localized string similar to WFMAP0010: Cannot generate stub for the type {0}. \nPlease contact support with the error &apos;{1}&apos; and the stack {2}.
            </summary>
        </member>
        <member name="P:Mobilize.WFNetMAP.ConversionTool.Core.Properties.Resources.WFMAP0011">
            <summary>
              Looks up a localized string similar to WFMAP0011: Cannot generate stub because of an internal error. \nPlease contact support with the error &apos;{0}&apos; and the stack {1}.
            </summary>
        </member>
        <member name="P:Mobilize.WFNetMAP.ConversionTool.Core.Properties.Resources.WFMAP0012">
             <summary>
               Looks up a localized string similar to WFMAP0012: Error pretty printing file {0}
            Path info: {1}
            Exception Details:
            Message: {2}
            Source: {3}
            StackTrace: {4}.
             </summary>
        </member>
        <member name="P:Mobilize.WFNetMAP.ConversionTool.Core.Properties.Resources.WFMAP0013">
            <summary>
              Looks up a localized string similar to WFMAP0013: Cannot convert projects with extension {0}. Please remove the project with extension {0} from the solution you want to convert and try it again..
            </summary>
        </member>
        <member name="P:Mobilize.WFNetMAP.ConversionTool.Core.Properties.Resources.WFMAP0014">
            <summary>
              Looks up a localized string similar to WFMAP0014: {0} has been transformed successfully..
            </summary>
        </member>
        <member name="P:Mobilize.WFNetMAP.ConversionTool.Core.Properties.Resources.WFMAP0015">
            <summary>
              Looks up a localized string similar to WFMAP0015: Error transforming the C# classes. \nAn error ocurred transforming {0} due to exception with message &apos;{1}&apos;. StackTrace: {2}.
            </summary>
        </member>
        <member name="P:Mobilize.WFNetMAP.ConversionTool.Core.Properties.Resources.WFMAP0016">
            <summary>
              Looks up a localized string similar to WFMAP0016: There was an error trying to get symbol info for method {0} in class {1}.
            </summary>
        </member>
        <member name="P:Mobilize.WFNetMAP.ConversionTool.Core.Properties.Resources.WFMAP0017">
            <summary>
              Looks up a localized string similar to WFMAP0017: Error loading required binaries in order to start the conversion process.\nPlease contact support for help giving this message: {0}..
            </summary>
        </member>
        <member name="P:Mobilize.WFNetMAP.ConversionTool.Core.Properties.Resources.WFMAP0018">
            <summary>
              Looks up a localized string similar to WFMAP0018: Error generating front-end files: \n{0} could not be generated..
            </summary>
        </member>
        <member name="P:Mobilize.WFNetMAP.ConversionTool.Core.Properties.Resources.WFMAP0019">
            <summary>
              Looks up a localized string similar to WFMAP0019: Error generating {0}&apos;s CSS, HTML, TypeScript or resources. \n Please contact support with the message &apos;{1}&apos; and Stack {2}&quot;.
            </summary>
        </member>
        <member name="P:Mobilize.WFNetMAP.ConversionTool.Core.Properties.Resources.WFMAP0020">
            <summary>
              Looks up a localized string similar to WFMAP0020: Project Generation Service not available, cannot generate {0}..
            </summary>
        </member>
        <member name="P:Mobilize.WFNetMAP.ConversionTool.Core.Properties.Resources.WFMAP0021">
            <summary>
              Looks up a localized string similar to WFMAP0021: Cannot generate PageObjects because the service generation is not available..
            </summary>
        </member>
        <member name="P:Mobilize.WFNetMAP.ConversionTool.Core.Properties.Resources.WFMAP0022">
            <summary>
              Looks up a localized string similar to WFMAP0023: Error while parsing StubFilter xml file: {0}. Details: {1}.
            </summary>
        </member>
        <member name="P:Mobilize.WFNetMAP.ConversionTool.Core.Properties.Resources.WFMAP0023">
            <summary>
              Looks up a localized string similar to WFMAP0024: The project specified as &quot;main&quot; was not found. Please check that the entered name is correct.\nDefault setting: Using {0} as main project..
            </summary>
        </member>
        <member name="P:Mobilize.WFNetMAP.ConversionTool.Core.Properties.Resources.WFMAP0024">
            <summary>
              Looks up a localized string similar to WFMAP0024: An ASTSource is null, maybe some class cannot be parsed successfully.
            </summary>
        </member>
        <member name="P:Mobilize.WFNetMAP.ConversionTool.Core.Properties.Resources.WFMAP0025">
            <summary>
              Looks up a localized string similar to WFMAP0025: Start pretty printing {0} project..
            </summary>
        </member>
        <member name="P:Mobilize.WFNetMAP.ConversionTool.Core.Properties.Resources.WFMAP0026">
            <summary>
              Looks up a localized string similar to WFMAP0026: End pretty printing {0} project..
            </summary>
        </member>
        <member name="P:Mobilize.WFNetMAP.ConversionTool.Core.Properties.Resources.WFMAP0027">
            <summary>
              Looks up a localized string similar to WFMAP0027: Error copying {0}. Exception Message: {1}.
            </summary>
        </member>
        <member name="P:Mobilize.WFNetMAP.ConversionTool.Core.Properties.Resources.WFMAP0028">
            <summary>
              Looks up a localized string similar to WFMAP0028: Error while executing PreProcessConversionTask for solution {0}.\nMessage: {1}\nStack Trace: {2}.
            </summary>
        </member>
        <member name="P:Mobilize.WFNetMAP.ConversionTool.Core.Properties.Resources.WFMAP0029">
            <summary>
              Looks up a localized string similar to WFMAP0029: Error trying to read resource set from {0}. Error {1}.
            </summary>
        </member>
        <member name="P:Mobilize.WFNetMAP.ConversionTool.Core.Properties.Resources.WFMAP0030">
            <summary>
              Looks up a localized string similar to WFMAP0030: Error when trying to stub type. Error typename {0}, message {1}.
            </summary>
        </member>
        <member name="P:Mobilize.WFNetMAP.ConversionTool.Core.Properties.Resources.WFMAP0031">
            <summary>
              Looks up a localized string similar to WFMAP0031: Error trying to generated asssessment reports. Error message {0}. Stack: {1}.
            </summary>
        </member>
        <member name="T:Mobilize.WFNetMAP.ConversionTool.Core.Rules.MappedCallRule">
            <summary>
            Transformation rule from CSCall to CS equivalent Call.
            Source:
                    a.foo()
            Target:
                    a.foo();
            </summary>
        </member>
        <member name="M:Mobilize.WFNetMAP.ConversionTool.Core.Rules.MappedCallRule.#ctor(System.String,System.String)">
            <summary>
            Initializes a new instance of the <see cref="T:Mobilize.WFNetMAP.ConversionTool.Core.Rules.MappedCallRule"/> class.
            </summary>
            <param name="newName">The new name.</param>
            <param name="fullyQualifiedName">Name of the fully qualified.</param>
        </member>
        <member name="M:Mobilize.WFNetMAP.ConversionTool.Core.Rules.MappedCallRule.TryTransform(Artinsoft.CSharp.AST.CSCall,Mobilize.TransformationCore.IContext)">
            <inheritdoc/>
        </member>
        <member name="T:Mobilize.WFNetMAP.ConversionTool.Core.Rules.MappedExprMemberRule">
            <summary>
            Generates a rule for a member access based on a map grammar file
            </summary>
        </member>
        <member name="M:Mobilize.WFNetMAP.ConversionTool.Core.Rules.MappedExprMemberRule.#ctor(System.String,System.String)">
            <summary>
            Initializes a new instance of the <see cref="T:Mobilize.WFNetMAP.ConversionTool.Core.Rules.MappedExprMemberRule"/> class.
            </summary>
            <param name="newName">The new name.</param>
            <param name="fullyQualifiedName">Name of the fully qualified.</param>
        </member>
        <member name="M:Mobilize.WFNetMAP.ConversionTool.Core.Rules.MappedExprMemberRule.TryTransform(Artinsoft.CSharp.AST.CSExprMemberAccess,Mobilize.TransformationCore.IContext)">
            <inheritdoc/>
        </member>
        <member name="T:Mobilize.WFNetMAP.ConversionTool.Core.Rules.MappedExprTypeNameRule">
            <summary>
            Rule for mapping types from map grammar files.
            </summary>
        </member>
        <member name="M:Mobilize.WFNetMAP.ConversionTool.Core.Rules.MappedExprTypeNameRule.#ctor(System.String,System.String)">
            <summary>
            Initializes a new instance of the <see cref="T:Mobilize.WFNetMAP.ConversionTool.Core.Rules.MappedExprTypeNameRule"/> class.
            </summary>
            <param name="newName">The new name.</param>
            <param name="fullyQualifiedName">Name of the fully qualified.</param>
        </member>
        <member name="M:Mobilize.WFNetMAP.ConversionTool.Core.Rules.MappedExprTypeNameRule.TryTransform(Artinsoft.CSharp.AST.CSExprMemberAccess,Mobilize.TransformationCore.IContext)">
            <inheritdoc />
        </member>
        <member name="T:Mobilize.WFNetMAP.ConversionTool.Core.Rules.MappedMemberRule">
            <summary>
            Generates a rule for a member access based on a map grammar file
            </summary>
        </member>
        <member name="M:Mobilize.WFNetMAP.ConversionTool.Core.Rules.MappedMemberRule.#ctor(System.String,System.String)">
            <summary>
            Initializes a new instance of the <see cref="T:Mobilize.WFNetMAP.ConversionTool.Core.Rules.MappedMemberRule"/> class.
            </summary>
            <param name="newName">The new name.</param>
            <param name="fullyQualifiedName">Name of the fully qualified.</param>
        </member>
        <member name="M:Mobilize.WFNetMAP.ConversionTool.Core.Rules.MappedMemberRule.TryTransform(Artinsoft.CSharp.AST.CSMemberAccess,Mobilize.TransformationCore.IContext)">
            <inheritdoc/>
        </member>
        <member name="T:Mobilize.WFNetMAP.ConversionTool.Core.Rules.MappedSExprTypeNameRule">
            <summary>
            Rule for mapping types from map grammar files.
            </summary>
        </member>
        <member name="M:Mobilize.WFNetMAP.ConversionTool.Core.Rules.MappedSExprTypeNameRule.#ctor(System.String,System.String)">
            <summary>
            Initializes a new instance of the <see cref="T:Mobilize.WFNetMAP.ConversionTool.Core.Rules.MappedSExprTypeNameRule"/> class.
            </summary>
            <param name="newName">The new name.</param>
            <param name="fullyQualifiedName">Name of the fully qualified.</param>
        </member>
        <member name="M:Mobilize.WFNetMAP.ConversionTool.Core.Rules.MappedSExprTypeNameRule.TryTransform(Artinsoft.CSharp.AST.CSSingleAccess,Mobilize.TransformationCore.IContext)">
            <inheritdoc />
        </member>
        <member name="T:Mobilize.WFNetMAP.ConversionTool.Core.Rules.MappedSingleAccessRule">
            <summary>
            Rule for mapping types from map grammar files.
            </summary>
        </member>
        <member name="M:Mobilize.WFNetMAP.ConversionTool.Core.Rules.MappedSingleAccessRule.#ctor(System.String,System.String)">
            <summary>
            Initializes a new instance of the <see cref="T:Mobilize.WFNetMAP.ConversionTool.Core.Rules.MappedSingleAccessRule"/> class.
            </summary>
            <param name="newName">The new name.</param>
            <param name="fullyQualifiedName">Name of the fully qualified.</param>
        </member>
        <member name="M:Mobilize.WFNetMAP.ConversionTool.Core.Rules.MappedSingleAccessRule.TryTransform(Artinsoft.CSharp.AST.CSSingleAccess,Mobilize.TransformationCore.IContext)">
            <inheritdoc />
        </member>
        <member name="T:Mobilize.WFNetMAP.ConversionTool.Core.Rules.MappedThisMemberRule">
            <summary>
            Generates a rule for a member access based on a map grammar file
            </summary>
        </member>
        <member name="M:Mobilize.WFNetMAP.ConversionTool.Core.Rules.MappedThisMemberRule.#ctor(System.String,System.String)">
            <summary>
            Initializes a new instance of the <see cref="T:Mobilize.WFNetMAP.ConversionTool.Core.Rules.MappedThisMemberRule"/> class.
            </summary>
            <param name="newName">The new name.</param>
            <param name="fullyQualifiedName">Name of the fully qualified.</param>
        </member>
        <member name="M:Mobilize.WFNetMAP.ConversionTool.Core.Rules.MappedThisMemberRule.TryTransform(Artinsoft.CSharp.AST.CSThisMemberAccess,Mobilize.TransformationCore.IContext)">
            <inheritdoc/>
        </member>
        <member name="T:Mobilize.WFNetMAP.ConversionTool.Core.Rules.MappedTypeNameRule">
            <summary>
            Rule for mapping types from map grammar files.
            </summary>
        </member>
        <member name="M:Mobilize.WFNetMAP.ConversionTool.Core.Rules.MappedTypeNameRule.#ctor(System.String,System.String)">
            <summary>
            Initializes a new instance of the <see cref="T:Mobilize.WFNetMAP.ConversionTool.Core.Rules.MappedTypeNameRule"/> class.
            </summary>
            <param name="newName">The new name.</param>
            <param name="fullyQualifiedName">Name of the fully qualified.</param>
        </member>
        <member name="M:Mobilize.WFNetMAP.ConversionTool.Core.Rules.MappedTypeNameRule.TryTransform(Artinsoft.CSharp.AST.CSTypeRef,Mobilize.TransformationCore.IContext)">
            <inheritdoc />
        </member>
        <member name="T:Mobilize.WFNetMAP.ConversionTool.Core.Rules.MapTransformationRule`2">
            <summary>
            Abstract Map Transformation rule class.
            </summary>
            <typeparam name="TInput">The type of the input.</typeparam>
            <typeparam name="TOutput">The type of the output.</typeparam>
        </member>
        <member name="M:Mobilize.WFNetMAP.ConversionTool.Core.Rules.MapTransformationRule`2.#ctor(System.String,System.String)">
            <summary>
            Initializes a new instance of the <see cref="T:Mobilize.WFNetMAP.ConversionTool.Core.Rules.MapTransformationRule`2"/> class.
            </summary>
            <param name="newName">The new name.</param>
            <param name="fullyQualifedName">Name of the fully qualifed.</param>
        </member>
        <member name="P:Mobilize.WFNetMAP.ConversionTool.Core.Rules.MapTransformationRule`2.FullyQualifiedName">
            <inheritdoc />
        </member>
        <member name="P:Mobilize.WFNetMAP.ConversionTool.Core.Rules.MapTransformationRule`2.NewName">
            <summary>
            Gets the new name.
            </summary>
            <value>
            The new name.
            </value>
        </member>
        <member name="T:Mobilize.WFNetMAP.ConversionTool.Core.SemanticModel">
            <summary>
            Semantic model for CSharp using Roslyn.
            </summary>
            <seealso cref="T:Mobilize.TransformationCore.ISemanticModel" />
        </member>
        <member name="F:Mobilize.WFNetMAP.ConversionTool.Core.SemanticModel.SymbolInfoForAST">
            <summary>
            The symbol information for the given ast.
            </summary>
        </member>
        <member name="M:Mobilize.WFNetMAP.ConversionTool.Core.SemanticModel.#ctor(Mobilize.WFNetMAP.ConversionTool.Core.ISymbolicInformation)">
            <summary>
            Initializes a new instance of the <see cref="T:Mobilize.WFNetMAP.ConversionTool.Core.SemanticModel" /> class.
            </summary>
            <param name="symbolInfo">The interface with the symbol information.</param>
        </member>
        <member name="M:Mobilize.WFNetMAP.ConversionTool.Core.SemanticModel.#ctor(Artinsoft.Common.NetAggregation.SymbolicInformation)">
            <summary>
            Initializes a new instance of the <see cref="T:Mobilize.WFNetMAP.ConversionTool.Core.SemanticModel" /> class.
            </summary>
            <param name="symbolInfo">The instance with the symbol information.</param>
        </member>
        <member name="P:Mobilize.WFNetMAP.ConversionTool.Core.SemanticModel.Mobilize#WFNetMAP#ConversionTool#Core#ICSSemanticModel#SymbolicInformation">
            <summary>
            Gets the SymbolicInformation
            </summary>
        </member>
        <member name="P:Mobilize.WFNetMAP.ConversionTool.Core.SemanticModel.Context">
            <inheritdoc/>
        </member>
        <member name="M:Mobilize.WFNetMAP.ConversionTool.Core.SemanticModel.GetSymbolInfo(Artinsoft.Common.AST.IAst)">
            <inheritdoc/>
        </member>
        <member name="T:Mobilize.WFNetMAP.ConversionTool.Core.SymbolicInformationWrapper">
            <summary>
            Symbolic Information Wrapper that contains a SymbolicInformation from Common.NetAggregation
            </summary>
            <seealso cref="T:Mobilize.WFNetMAP.ConversionTool.Core.ISymbolicInformation" />
        </member>
        <member name="M:Mobilize.WFNetMAP.ConversionTool.Core.SymbolicInformationWrapper.#ctor(Artinsoft.Common.NetAggregation.SymbolicInformation)">
            <summary>
            Initializes a new instance of the <see cref="T:Mobilize.WFNetMAP.ConversionTool.Core.SymbolicInformationWrapper"/> class.
            </summary>
            <param name="symbolicInformation">The symbolic information.</param>
        </member>
        <member name="P:Mobilize.WFNetMAP.ConversionTool.Core.SymbolicInformationWrapper.Token">
            <inheritdoc/>
        </member>
        <member name="M:Mobilize.WFNetMAP.ConversionTool.Core.SymbolicInformationWrapper.GetSymbolInfo(Artinsoft.Common.AST.ICompound,System.Boolean,System.Threading.CancellationToken)">
            <inheritdoc/>
        </member>
        <member name="T:Mobilize.WFNetMAP.ConversionTool.Core.TransformationInfoService">
            <summary>
            Transformation Information Service
            </summary>
        </member>
        <member name="P:Mobilize.WFNetMAP.ConversionTool.Core.TransformationInfoService.CurrentProject">
            <summary>
            Gets or sets the current project.
            </summary>
            <value>
            The current project.
            </value>
        </member>
        <member name="P:Mobilize.WFNetMAP.ConversionTool.Core.TransformationInfoService.CurrentProjectType">
            <summary>
            Gets or sets the current project type.
            </summary>
            <value>
            The current project type object.
            </value>
        </member>
        <member name="P:Mobilize.WFNetMAP.ConversionTool.Core.TransformationInfoService.StartupObjectStatement">
            <summary>
            Gets or sets the startup object.
            </summary>
            <value>
            The startup object.
            </value>
        </member>
        <member name="T:Mobilize.WFNetMAP.ConversionTool.Core.CSharpContext">
            <summary>
            The c sharp to c sharp web context.
            </summary>
        </member>
        <member name="P:Mobilize.WFNetMAP.ConversionTool.Core.CSharpContext.Result">
            <summary>
            Gets or sets the result.
            </summary>
        </member>
        <member name="P:Mobilize.WFNetMAP.ConversionTool.Core.CSharpContext.ServiceProvider">
            <summary>
            Gets or sets the service provider.
            </summary>
        </member>
        <member name="P:Mobilize.WFNetMAP.ConversionTool.Core.CSharpContext.SourceInstance">
            <summary>
            Gets or sets the source instance.
            </summary>
        </member>
        <member name="M:Mobilize.WFNetMAP.ConversionTool.Core.CSharpContext.Reset">
            <summary>
            The reset.
            </summary>
        </member>
        <member name="T:Mobilize.WFNetMAP.ConversionTool.Core.CSharpTargetUnit">
            <summary>
            This class represents any CSharp Unit to be transformed during the migration process
            </summary>
            <seealso cref="T:Mobilize.TransformationCore.ITransformationUnit" />
        </member>
        <member name="M:Mobilize.WFNetMAP.ConversionTool.Core.CSharpTargetUnit.#ctor">
            <summary>
            Initializes a new instance of the <see cref="T:Mobilize.WFNetMAP.ConversionTool.Core.CSharpTargetUnit"/> class.
            </summary>
        </member>
        <member name="M:Mobilize.WFNetMAP.ConversionTool.Core.CSharpTargetUnit.#ctor(Artinsoft.Common.AST.IAstSource,System.IO.Abstractions.IFileSystem)">
            <summary>
            Initializes a new instance of the <see cref="T:Mobilize.WFNetMAP.ConversionTool.Core.CSharpTargetUnit"/> class.
            </summary>
            <param name="source">The source.</param>
            <param name="fileSystem">The file system to save the transformation unit</param>
        </member>
        <member name="P:Mobilize.WFNetMAP.ConversionTool.Core.CSharpTargetUnit.Source">
            <summary>
            Gets or sets gets the source.
            </summary>
        </member>
        <member name="P:Mobilize.WFNetMAP.ConversionTool.Core.CSharpTargetUnit.Language">
            <summary>
            Gets the language.
            </summary>
        </member>
        <member name="P:Mobilize.WFNetMAP.ConversionTool.Core.CSharpTargetUnit.Metadata">
            <summary>
            Gets the metadata for the TargetUnit
            </summary>
            <value>
            The metadata.
            </value>
        </member>
        <member name="P:Mobilize.WFNetMAP.ConversionTool.Core.CSharpTargetUnit.SourceName">
            <summary>
            Gets or sets the name of the source.
            </summary>
            <value>
            The name of the source.
            </value>
        </member>
        <member name="P:Mobilize.WFNetMAP.ConversionTool.Core.CSharpTargetUnit.FileSystem">
            <summary>
            Gets the file system.
            </summary>
            <value>
            The file system.
            </value>
        </member>
        <member name="M:Mobilize.WFNetMAP.ConversionTool.Core.CSharpTargetUnit.GetMetadata(System.String)">
            <summary>
            Gets the metadata.
            </summary>
            <param name="key">The key.</param>
            <returns>
            metadata information
            </returns>
        </member>
        <member name="M:Mobilize.WFNetMAP.ConversionTool.Core.CSharpTargetUnit.SetMetadata(System.String,System.Object)">
            <summary>
            Sets the metadata.
            </summary>
            <param name="key">The key.</param>
            <param name="value">The value.</param>
        </member>
        <member name="M:Mobilize.WFNetMAP.ConversionTool.Core.CSharpTargetUnit.Update(Artinsoft.Common.AST.AstSourceInstance)">
            <inheritdoc/>
        </member>
        <member name="M:Mobilize.WFNetMAP.ConversionTool.Core.CSharpTargetUnit.Save(System.String)">
            <summary>
            Saves the unit in the specified output full path.
            </summary>
            <param name="outputFullPath">The output full path.</param>
        </member>
        <member name="T:Mobilize.WFNetMAP.ConversionTool.Core.TransformationState">
            <summary>
            The c sharp to c sharp web context.
            </summary>
        </member>
        <member name="P:Mobilize.WFNetMAP.ConversionTool.Core.TransformationState.ServiceProvider">
            <summary>
            Gets or sets the service provider.
            </summary>
        </member>
        <member name="P:Mobilize.WFNetMAP.ConversionTool.Core.TransformationState.ClassInfo">
            <summary>
            Gets or sets the source instance.
            </summary>
        </member>
        <member name="T:Mobilize.Rules.CSharpToCSharpWeb.ToCSharpTransformationRule`2">
            <summary>
            Abstract Transformation rule class for CSharp transformations
            </summary>
            <typeparam name="TInput">The type of the input.</typeparam>
            <typeparam name="TOutput">The type of the output.</typeparam>
            <seealso cref="T:Mobilize.TransformationCore.TransformationRule`2" />
        </member>
        <member name="P:Mobilize.Rules.CSharpToCSharpWeb.ToCSharpTransformationRule`2.CS">
            <summary>
            Gets the Emmiter.
            </summary>
            <value>
            The Emmiter.
            </value>
        </member>
        <member name="M:Mobilize.Rules.CSharpToCSharpWeb.ToCSharpTransformationRule`2.ToName(System.Collections.Generic.IEnumerable{System.String},Artinsoft.CSharp.AST.CSName)">
            <summary>
            Turns a sequence of strings into a CSName
            </summary>
            <param name="parts">The parts.</param>
            <param name="previous">The previous.</param>
            <returns>A CSharp Name</returns>
        </member>
        <member name="M:Mobilize.Rules.CSharpToCSharpWeb.ToCSharpTransformationRule`2.ToDotExpr(System.Collections.Generic.IEnumerable{System.String},Artinsoft.CSharp.AST.CSExpr)">
            <summary>
            Turns a sequence of strings into a CSName
            </summary>
            <param name="parts">The parts.</param>
            <param name="previous">The previous.</param>
            <returns>A CSharp Name</returns>
        </member>
    </members>
</doc>
