<?xml version="1.0"?>
<doc>
    <assembly>
        <name>Mobilize.StubGeneration.Abstractions</name>
    </assembly>
    <members>
        <member name="T:Mobilize.StubGeneration.Abstractions.IStubGenerationService">
            <summary>
            Service in charge of handling and generating stubs
            </summary>
        </member>
        <member name="P:Mobilize.StubGeneration.Abstractions.IStubGenerationService.ExtensionsNamespace">
            <summary>
            Gets the Mobilize Web Extensions namespace.
            </summary>
            <value>
            The extensions namespace.
            </value>
        </member>
        <member name="P:Mobilize.StubGeneration.Abstractions.IStubGenerationService.ByRefFeature">
            <summary>
            Gets or sets the by reference feature value.
            </summary>
            <value>
            The by reference feature value.
            </value>
        </member>
        <member name="P:Mobilize.StubGeneration.Abstractions.IStubGenerationService.GUID">
            <summary>
            Gets the unique identifier.
            </summary>
            <value>
            The unique identifier.
            </value>
        </member>
        <member name="P:Mobilize.StubGeneration.Abstractions.IStubGenerationService.HasTypeRegistered">
            <summary>
            Gets a value indicating whether this instance has type registered.
            </summary>
            <value>
              <c>true</c> if this instance has type registered; otherwise, <c>false</c>.
            </value>
        </member>
        <member name="P:Mobilize.StubGeneration.Abstractions.IStubGenerationService.Name">
            <summary>
            Gets the name of the project.
            </summary>
            <value>
            The name.
            </value>
        </member>
        <member name="P:Mobilize.StubGeneration.Abstractions.IStubGenerationService.ProjectFileName">
            <summary>
            Gets the name of the project file.
            </summary>
            <value>
            The name of the project file.
            </value>
        </member>
        <member name="P:Mobilize.StubGeneration.Abstractions.IStubGenerationService.RootNamespace">
            <summary>
            Gets the root namespace.
            </summary>
            <value>
            The root namespace.
            </value>
        </member>
        <member name="P:Mobilize.StubGeneration.Abstractions.IStubGenerationService.RootPrefixNamespace">
            <summary>
            Gets the root prefix namespace.
            </summary>
            <value>
            The root prefix namespace.
            </value>
        </member>
        <member name="M:Mobilize.StubGeneration.Abstractions.IStubGenerationService.AddProjectReferenceStub(System.String)">
            <summary>
            Adds the project reference stub.
            </summary>
            <param name="name">The name.</param>
        </member>
        <member name="M:Mobilize.StubGeneration.Abstractions.IStubGenerationService.RegisterParentInfoUsed(Mobilize.TransformationCore.IContext,Artinsoft.Common.AST.IAst)">
            <summary>
            Register the parents required for a stub class.
            </summary>
            <param name="context">The context</param>
            <param name="node">The node that is being checked</param>
        </member>
        <member name="M:Mobilize.StubGeneration.Abstractions.IStubGenerationService.AddUnitStubUse(Artinsoft.Common.AST.AstSourceInstance)">
            <summary>
            Adds the unit stub use.
            </summary>
            <param name="sourceInstance">The source instance.</param>
        </member>
        <member name="M:Mobilize.StubGeneration.Abstractions.IStubGenerationService.IsExtensionType(Mobilize.TransformationCore.IContext,Mobilize.Common.DotNet.Symbols.ITypeSymbol)">
            <summary>
            Checks if the type is an extension type.
            </summary>
            <param name="context">The context</param>
            <param name="typeSymbol">The type symbol.</param>
            <returns>True when the type is an extension, false otherwise</returns>
        </member>
        <member name="M:Mobilize.StubGeneration.Abstractions.IStubGenerationService.IsProjectReferenceStub(System.String)">
            <summary>
            Checks if the project reference the stub project.
            </summary>
            <param name="name">The name of the project.</param>
            <returns>True when the project is referencing the stub project.</returns>
        </member>
        <member name="M:Mobilize.StubGeneration.Abstractions.IStubGenerationService.IsUnitStubUsed(Artinsoft.Common.AST.AstSourceInstance)">
            <summary>
            Determines whether [is unit stub used] [the specified source instance].
            </summary>
            <param name="sourceInstance">The source instance.</param>
            <returns>
              <c>true</c> if [is unit stub used] [the specified source instance]; otherwise, <c>false</c>.
            </returns>
        </member>
        <member name="M:Mobilize.StubGeneration.Abstractions.IStubGenerationService.RegisterConstructor(Mobilize.TransformationCore.IContext,Mobilize.Common.DotNet.Symbols.IMethodSymbol)">
            <summary>
            Registers the constructor.
            </summary>
            <param name="context">The context.</param>
            <param name="methodSymbolInfo">The method symbol information.</param>
            <returns>True when the constructor is registered, false otherwise.</returns>
        </member>
        <member name="M:Mobilize.StubGeneration.Abstractions.IStubGenerationService.RegisterMember(Mobilize.TransformationCore.IContext,Mobilize.Common.DotNet.Symbols.IPropertySymbol,Artinsoft.Common.AST.IAst)">
            <summary>
            Registers the member.
            </summary>
            <param name="context">The context.</param>
            <param name="memberSymbolInfo">The member symbol information.</param>
            <param name="node">The node ast</param>
            <returns>True when the member is registered, false otherwise.</returns>
        </member>
        <member name="M:Mobilize.StubGeneration.Abstractions.IStubGenerationService.RegisterMember(Mobilize.TransformationCore.IContext,Mobilize.Common.DotNet.Symbols.IFieldSymbol,Artinsoft.Common.AST.IAst)">
            <summary>
            Registers the field.
            </summary>
            <param name="context">The context.</param>
            <param name="fieldSymbolInfo">The field symbol information.</param>
            <param name="node">The node ast</param>
            <returns>True when the member is registered, false otherwise.</returns>
        </member>
        <member name="M:Mobilize.StubGeneration.Abstractions.IStubGenerationService.RegisterEvent(Mobilize.TransformationCore.IContext,Mobilize.Common.DotNet.Symbols.IEventSymbol)">
            <summary>
              Registers the event.
            </summary>
            <param name="context">
              The context.
            </param>
            <param name="eventSymbolInfo">
              The event symbol information.
            </param>
            <returns>true when the event is registered, false otherwise.</returns>
        </member>
        <member name="M:Mobilize.StubGeneration.Abstractions.IStubGenerationService.RegisterEnumMember(Mobilize.TransformationCore.IContext,Mobilize.Common.DotNet.Symbols.IFieldSymbol,Artinsoft.Common.AST.IAst)">
            <summary>
            Registers the enum member.
            </summary>
            <param name="context">The context.</param>
            <param name="fieldSymbolInfo">The symbolinfo.</param>
            <param name="node">The node ast</param>
            <returns>True when the member is registered, false otherwise.</returns>
        </member>
        <member name="M:Mobilize.StubGeneration.Abstractions.IStubGenerationService.RegisterMethod(Mobilize.TransformationCore.IContext,Mobilize.Common.DotNet.Symbols.IMethodSymbol,Artinsoft.Common.AST.IAst,System.Boolean@)">
            <summary>
            Registers the method.
            </summary>
            <param name="context">The context.</param>
            <param name="methodSymbolInfo">The method symbol information.</param>
            <param name="node">The node ast</param>
            <param name="isExtension">Indicates if the method is an Extension</param>
            <returns>True when the method is registered, false otherwise.</returns>
        </member>
        <member name="M:Mobilize.StubGeneration.Abstractions.IStubGenerationService.RegisterType(Mobilize.TransformationCore.IContext,Mobilize.Common.DotNet.Symbols.ITypeSymbol,System.Boolean,System.Boolean,System.Boolean)">
            <summary>
            Registers the type.
            </summary>
            <param name="context">The context.</param>
            <param name="typeSymbolInfo">The type symbol information.</param>
            <param name="directReferenceType">if set to <c>true</c> this is a direct reference type.</param>
            <param name="needsExtendedClassProperties">if set to <c>true</c> this type needs the extended class properties.</param>
            <param name="createClassEvenForExtensionType">if set to <c>true</c> this type needs the class even when it is an extension type.</param>
            <returns>True when the event is registered, false otherwise. And the builders of the class when registered.</returns>
        </member>
        <member name="M:Mobilize.StubGeneration.Abstractions.IStubGenerationService.WriteTo(System.String,System.IO.Abstractions.IFileSystem)">
            <summary>
            Writes the stub content files the specified output path.
            </summary>
            <param name="outputPath">The output path.</param>
            <param name="fileSystem">The file system.</param>
        </member>
    </members>
</doc>
