{
  "$schema": "http://json.schemastore.org/sarif-1.0.0",
  "version": "1.0.0",
  "runs": [
    {
      "tool": {
        "name": "Microsoft (R) Visual C# Compiler",
        "version": "2.10.0.0",
        "fileVersion": "2.10.0.0 (b9fb1610)",
        "semanticVersion": "2.10.0",
        "language": "en-US"
      },
      "results": [
        {
          "ruleId": "CS0649",
          "level": "warning",
          "message": "Field 'SolutionGenerationTask.inputRootPath' is never assigned to, and will always have its default value null",
          "locations": [
            {
              "resultFile": {
                "uri": "file:///C:/A1/_work/11/s/src/Mobilize.WFNetMAP.ConversionTool.Tasks/SolutionGenerationTask.cs",
                "region": {
                  "startLine": 49,
                  "startColumn": 33,
                  "endLine": 49,
                  "endColumn": 46
                }
              }
            }
          ],
          "properties": {
            "warningLevel": 4
          }
        },
        {
          "ruleId": "CS0649",
          "level": "warning",
          "message": "Field 'ProjectGenerationTask.inputRootPath' is never assigned to, and will always have its default value null",
          "locations": [
            {
              "resultFile": {
                "uri": "file:///C:/A1/_work/11/s/src/Mobilize.WFNetMAP.ConversionTool.Tasks/ProjectGenerationTask.cs",
                "region": {
                  "startLine": 45,
                  "startColumn": 33,
                  "endLine": 45,
                  "endColumn": 46
                }
              }
            }
          ],
          "properties": {
            "warningLevel": 4
          }
        },
        {
          "ruleId": "CS0649",
          "level": "warning",
          "message": "Field 'PrettyPrinterTask.inputRootPath' is never assigned to, and will always have its default value null",
          "locations": [
            {
              "resultFile": {
                "uri": "file:///C:/A1/_work/11/s/src/Mobilize.WFNetMAP.ConversionTool.Tasks/PrettyPrinterTask.cs",
                "region": {
                  "startLine": 38,
                  "startColumn": 33,
                  "endLine": 38,
                  "endColumn": 46
                }
              }
            }
          ],
          "properties": {
            "warningLevel": 4
          }
        },
        {
          "ruleId": "CS0649",
          "level": "warning",
          "message": "Field 'PreProcessConversionTask.mainProject' is never assigned to, and will always have its default value null",
          "locations": [
            {
              "resultFile": {
                "uri": "file:///C:/A1/_work/11/s/src/Mobilize.WFNetMAP.ConversionTool.Tasks/PreProcessConversionTask.cs",
                "region": {
                  "startLine": 45,
                  "startColumn": 24,
                  "endLine": 45,
                  "endColumn": 35
                }
              }
            }
          ],
          "properties": {
            "warningLevel": 4
          }
        },
        {
          "ruleId": "CS0649",
          "level": "warning",
          "message": "Field 'SolutionGenerationTask.useProductionNugets' is never assigned to, and will always have its default value ",
          "locations": [
            {
              "resultFile": {
                "uri": "file:///C:/A1/_work/11/s/src/Mobilize.WFNetMAP.ConversionTool.Tasks/SolutionGenerationTask.cs",
                "region": {
                  "startLine": 55,
                  "startColumn": 23,
                  "endLine": 55,
                  "endColumn": 42
                }
              }
            }
          ],
          "properties": {
            "warningLevel": 4
          }
        },
        {
          "ruleId": "CS0649",
          "level": "warning",
          "message": "Field 'ProjectGenerationTask.nugetsInformation' is never assigned to, and will always have its default value null",
          "locations": [
            {
              "resultFile": {
                "uri": "file:///C:/A1/_work/11/s/src/Mobilize.WFNetMAP.ConversionTool.Tasks/ProjectGenerationTask.cs",
                "region": {
                  "startLine": 48,
                  "startColumn": 54,
                  "endLine": 48,
                  "endColumn": 71
                }
              }
            }
          ],
          "properties": {
            "warningLevel": 4
          }
        },
        {
          "ruleId": "CS0649",
          "level": "warning",
          "message": "Field 'FingerprintGeneratorExtensionTask.licenseConfig' is never assigned to, and will always have its default value null",
          "locations": [
            {
              "resultFile": {
                "uri": "file:///C:/A1/_work/11/s/src/Mobilize.WFNetMAP.ConversionTool.Tasks/FingerprintGeneratorExtensionTask.cs",
                "region": {
                  "startLine": 33,
                  "startColumn": 47,
                  "endLine": 33,
                  "endColumn": 60
                }
              }
            }
          ],
          "properties": {
            "warningLevel": 4
          }
        },
        {
          "ruleId": "CS0649",
          "level": "warning",
          "message": "Field 'SolutionGenerationTask.nugetsInformation' is never assigned to, and will always have its default value null",
          "locations": [
            {
              "resultFile": {
                "uri": "file:///C:/A1/_work/11/s/src/Mobilize.WFNetMAP.ConversionTool.Tasks/SolutionGenerationTask.cs",
                "region": {
                  "startLine": 52,
                  "startColumn": 45,
                  "endLine": 52,
                  "endColumn": 62
                }
              }
            }
          ],
          "properties": {
            "warningLevel": 4
          }
        },
        {
          "ruleId": "CS0649",
          "level": "warning",
          "message": "Field 'SolutionGenerationTask.excludedProjects' is never assigned to, and will always have its default value null",
          "locations": [
            {
              "resultFile": {
                "uri": "file:///C:/A1/_work/11/s/src/Mobilize.WFNetMAP.ConversionTool.Tasks/SolutionGenerationTask.cs",
                "region": {
                  "startLine": 46,
                  "startColumn": 40,
                  "endLine": 46,
                  "endColumn": 56
                }
              }
            }
          ],
          "properties": {
            "warningLevel": 4
          }
        },
        {
          "ruleId": "CS0649",
          "level": "warning",
          "message": "Field 'FrontEndGenerationTask.excludedProjects' is never assigned to, and will always have its default value null",
          "locations": [
            {
              "resultFile": {
                "uri": "file:///C:/A1/_work/11/s/src/Mobilize.WFNetMAP.ConversionTool.Tasks/FrontEndGenerationTask.cs",
                "region": {
                  "startLine": 49,
                  "startColumn": 40,
                  "endLine": 49,
                  "endColumn": 56
                }
              }
            }
          ],
          "properties": {
            "warningLevel": 4
          }
        },
        {
          "ruleId": "CS0649",
          "level": "warning",
          "message": "Field 'FrontEndGenerationTask.frontEndAppName' is never assigned to, and will always have its default value null",
          "locations": [
            {
              "resultFile": {
                "uri": "file:///C:/A1/_work/11/s/src/Mobilize.WFNetMAP.ConversionTool.Tasks/FrontEndGenerationTask.cs",
                "region": {
                  "startLine": 55,
                  "startColumn": 24,
                  "endLine": 55,
                  "endColumn": 39
                }
              }
            }
          ],
          "properties": {
            "warningLevel": 4
          }
        },
        {
          "ruleId": "CS0649",
          "level": "warning",
          "message": "Field 'ProjectGenerationTask.excludedProjects' is never assigned to, and will always have its default value null",
          "locations": [
            {
              "resultFile": {
                "uri": "file:///C:/A1/_work/11/s/src/Mobilize.WFNetMAP.ConversionTool.Tasks/ProjectGenerationTask.cs",
                "region": {
                  "startLine": 42,
                  "startColumn": 40,
                  "endLine": 42,
                  "endColumn": 56
                }
              }
            }
          ],
          "properties": {
            "warningLevel": 4
          }
        },
        {
          "ruleId": "CS0649",
          "level": "warning",
          "message": "Field 'ProjectGenerationTask.startupObjectStatement' is never assigned to, and will always have its default value null",
          "locations": [
            {
              "resultFile": {
                "uri": "file:///C:/A1/_work/11/s/src/Mobilize.WFNetMAP.ConversionTool.Tasks/ProjectGenerationTask.cs",
                "region": {
                  "startLine": 54,
                  "startColumn": 33,
                  "endLine": 54,
                  "endColumn": 55
                }
              }
            }
          ],
          "properties": {
            "warningLevel": 4
          }
        },
        {
          "ruleId": "CS0649",
          "level": "warning",
          "message": "Field 'TransformationsTask.catalog' is never assigned to, and will always have its default value null",
          "locations": [
            {
              "resultFile": {
                "uri": "file:///C:/A1/_work/11/s/src/Mobilize.WFNetMAP.ConversionTool.Tasks/TransformationsTask.cs",
                "region": {
                  "startLine": 61,
                  "startColumn": 45,
                  "endLine": 61,
                  "endColumn": 52
                }
              }
            }
          ],
          "properties": {
            "warningLevel": 4
          }
        },
        {
          "ruleId": "CS0169",
          "level": "warning",
          "message": "The field 'TransformationsTask.ByRefFeature' is never used",
          "locations": [
            {
              "resultFile": {
                "uri": "file:///C:/A1/_work/11/s/src/Mobilize.WFNetMAP.ConversionTool.Tasks/TransformationsTask.cs",
                "region": {
                  "startLine": 49,
                  "startColumn": 24,
                  "endLine": 49,
                  "endColumn": 36
                }
              }
            }
          ],
          "properties": {
            "warningLevel": 3
          }
        },
        {
          "ruleId": "CS0169",
          "level": "warning",
          "message": "The field 'ProjectGenerationTask.modules' is never used",
          "locations": [
            {
              "resultFile": {
                "uri": "file:///C:/A1/_work/11/s/src/Mobilize.WFNetMAP.ConversionTool.Tasks/ProjectGenerationTask.cs",
                "region": {
                  "startLine": 51,
                  "startColumn": 61,
                  "endLine": 51,
                  "endColumn": 68
                }
              }
            }
          ],
          "properties": {
            "warningLevel": 3
          }
        },
        {
          "ruleId": "CS0649",
          "level": "warning",
          "message": "Field 'FrontEndGenerationTask.nugetsInformation' is never assigned to, and will always have its default value null",
          "locations": [
            {
              "resultFile": {
                "uri": "file:///C:/A1/_work/11/s/src/Mobilize.WFNetMAP.ConversionTool.Tasks/FrontEndGenerationTask.cs",
                "region": {
                  "startLine": 64,
                  "startColumn": 45,
                  "endLine": 64,
                  "endColumn": 62
                }
              }
            }
          ],
          "properties": {
            "warningLevel": 4
          }
        },
        {
          "ruleId": "CS0649",
          "level": "warning",
          "message": "Field 'TransformationsTask.excludedProjects' is never assigned to, and will always have its default value null",
          "locations": [
            {
              "resultFile": {
                "uri": "file:///C:/A1/_work/11/s/src/Mobilize.WFNetMAP.ConversionTool.Tasks/TransformationsTask.cs",
                "region": {
                  "startLine": 55,
                  "startColumn": 31,
                  "endLine": 55,
                  "endColumn": 47
                }
              }
            }
          ],
          "properties": {
            "warningLevel": 4
          }
        },
        {
          "ruleId": "CS0649",
          "level": "warning",
          "message": "Field 'FrontEndGenerationTask.frontEndAppOutputPath' is never assigned to, and will always have its default value null",
          "locations": [
            {
              "resultFile": {
                "uri": "file:///C:/A1/_work/11/s/src/Mobilize.WFNetMAP.ConversionTool.Tasks/FrontEndGenerationTask.cs",
                "region": {
                  "startLine": 58,
                  "startColumn": 24,
                  "endLine": 58,
                  "endColumn": 45
                }
              }
            }
          ],
          "properties": {
            "warningLevel": 4
          }
        },
        {
          "ruleId": "CS0169",
          "level": "warning",
          "message": "The field 'TransformationsTask.stubGenerationService' is never used",
          "locations": [
            {
              "resultFile": {
                "uri": "file:///C:/A1/_work/11/s/src/Mobilize.WFNetMAP.ConversionTool.Tasks/TransformationsTask.cs",
                "region": {
                  "startLine": 52,
                  "startColumn": 40,
                  "endLine": 52,
                  "endColumn": 61
                }
              }
            }
          ],
          "properties": {
            "warningLevel": 3
          }
        },
        {
          "ruleId": "CS0649",
          "level": "warning",
          "message": "Field 'LicenseVerificationTask.excludedProjects' is never assigned to, and will always have its default value null",
          "locations": [
            {
              "resultFile": {
                "uri": "file:///C:/A1/_work/11/s/src/Mobilize.WFNetMAP.ConversionTool.Tasks/LicenseVerificationTask.cs",
                "region": {
                  "startLine": 41,
                  "startColumn": 40,
                  "endLine": 41,
                  "endColumn": 56
                }
              }
            }
          ],
          "properties": {
            "warningLevel": 4
          }
        },
        {
          "ruleId": "CS0649",
          "level": "warning",
          "message": "Field 'PrettyPrinterTask.excludedProjects' is never assigned to, and will always have its default value null",
          "locations": [
            {
              "resultFile": {
                "uri": "file:///C:/A1/_work/11/s/src/Mobilize.WFNetMAP.ConversionTool.Tasks/PrettyPrinterTask.cs",
                "region": {
                  "startLine": 44,
                  "startColumn": 31,
                  "endLine": 44,
                  "endColumn": 47
                }
              }
            }
          ],
          "properties": {
            "warningLevel": 4
          }
        },
        {
          "ruleId": "CS0169",
          "level": "warning",
          "message": "The field 'FrontEndGenerationTask.inputRootPath' is never used",
          "locations": [
            {
              "resultFile": {
                "uri": "file:///C:/A1/_work/11/s/src/Mobilize.WFNetMAP.ConversionTool.Tasks/FrontEndGenerationTask.cs",
                "region": {
                  "startLine": 52,
                  "startColumn": 33,
                  "endLine": 52,
                  "endColumn": 46
                }
              }
            }
          ],
          "properties": {
            "warningLevel": 3
          }
        },
        {
          "ruleId": "CS0649",
          "level": "warning",
          "message": "Field 'FrontEndGenerationTask.modules' is never assigned to, and will always have its default value null",
          "locations": [
            {
              "resultFile": {
                "uri": "file:///C:/A1/_work/11/s/src/Mobilize.WFNetMAP.ConversionTool.Tasks/FrontEndGenerationTask.cs",
                "region": {
                  "startLine": 61,
                  "startColumn": 52,
                  "endLine": 61,
                  "endColumn": 59
                }
              }
            }
          ],
          "properties": {
            "warningLevel": 4
          }
        },
        {
          "ruleId": "CS0169",
          "level": "warning",
          "message": "The field 'TransformationsTask.inputRootPath' is never used",
          "locations": [
            {
              "resultFile": {
                "uri": "file:///C:/A1/_work/11/s/src/Mobilize.WFNetMAP.ConversionTool.Tasks/TransformationsTask.cs",
                "region": {
                  "startLine": 46,
                  "startColumn": 33,
                  "endLine": 46,
                  "endColumn": 46
                }
              }
            }
          ],
          "properties": {
            "warningLevel": 3
          }
        },
        {
          "ruleId": "CS1591",
          "level": "warning",
          "message": "Missing XML comment for publicly visible type or member 'BaseTask.composition'",
          "locations": [
            {
              "resultFile": {
                "uri": "file:///C:/A1/_work/11/s/src/Mobilize.WFNetMAP.ConversionTool.Tasks/BaseTask.cs",
                "region": {
                  "startLine": 38,
                  "startColumn": 43,
                  "endLine": 38,
                  "endColumn": 54
                }
              }
            }
          ],
          "properties": {
            "warningLevel": 4
          }
        },
        {
          "ruleId": "CS1591",
          "level": "warning",
          "message": "Missing XML comment for publicly visible type or member 'BaseTask.fileSystem'",
          "locations": [
            {
              "resultFile": {
                "uri": "file:///C:/A1/_work/11/s/src/Mobilize.WFNetMAP.ConversionTool.Tasks/BaseTask.cs",
                "region": {
                  "startLine": 41,
                  "startColumn": 31,
                  "endLine": 41,
                  "endColumn": 41
                }
              }
            }
          ],
          "properties": {
            "warningLevel": 4
          }
        },
        {
          "ruleId": "CS1591",
          "level": "warning",
          "message": "Missing XML comment for publicly visible type or member 'BaseTask.baseContext'",
          "locations": [
            {
              "resultFile": {
                "uri": "file:///C:/A1/_work/11/s/src/Mobilize.WFNetMAP.ConversionTool.Tasks/BaseTask.cs",
                "region": {
                  "startLine": 44,
                  "startColumn": 33,
                  "endLine": 44,
                  "endColumn": 44
                }
              }
            }
          ],
          "properties": {
            "warningLevel": 4
          }
        },
        {
          "ruleId": "CS1591",
          "level": "warning",
          "message": "Missing XML comment for publicly visible type or member 'BaseTask.outPutDir'",
          "locations": [
            {
              "resultFile": {
                "uri": "file:///C:/A1/_work/11/s/src/Mobilize.WFNetMAP.ConversionTool.Tasks/BaseTask.cs",
                "region": {
                  "startLine": 47,
                  "startColumn": 26,
                  "endLine": 47,
                  "endColumn": 35
                }
              }
            }
          ],
          "properties": {
            "warningLevel": 4
          }
        },
        {
          "ruleId": "CS1591",
          "level": "warning",
          "message": "Missing XML comment for publicly visible type or member 'BaseTask.licenseConfig'",
          "locations": [
            {
              "resultFile": {
                "uri": "file:///C:/A1/_work/11/s/src/Mobilize.WFNetMAP.ConversionTool.Tasks/BaseTask.cs",
                "region": {
                  "startLine": 50,
                  "startColumn": 40,
                  "endLine": 50,
                  "endColumn": 53
                }
              }
            }
          ],
          "properties": {
            "warningLevel": 4
          }
        },
        {
          "ruleId": "CS1591",
          "level": "warning",
          "message": "Missing XML comment for publicly visible type or member 'BaseTask.webMAPLicense'",
          "locations": [
            {
              "resultFile": {
                "uri": "file:///C:/A1/_work/11/s/src/Mobilize.WFNetMAP.ConversionTool.Tasks/BaseTask.cs",
                "region": {
                  "startLine": 53,
                  "startColumn": 33,
                  "endLine": 53,
                  "endColumn": 46
                }
              }
            }
          ],
          "properties": {
            "warningLevel": 4
          }
        },
        {
          "ruleId": "CS1573",
          "level": "warning",
          "message": "Parameter 'fingerprintFilePath' has no matching param tag in the XML comment for 'LicenseCommonOperations.VerifyLicenseTypesProcess(IServiceProvider, WebMAPLicense, ILogger, bool?, string)' (but other parameters do)",
          "locations": [
            {
              "resultFile": {
                "uri": "file:///C:/A1/_work/11/s/src/Mobilize.WFNetMAP.ConversionTool.Tasks/LicenseCommonOperations.cs",
                "region": {
                  "startLine": 141,
                  "startColumn": 163,
                  "endLine": 141,
                  "endColumn": 182
                }
              }
            }
          ],
          "properties": {
            "warningLevel": 4
          }
        },
        {
          "ruleId": "CS1573",
          "level": "warning",
          "message": "Parameter 'fingerprintFilePath' has no matching param tag in the XML comment for 'LicenseCommonOperations.CheckFingerprintsMatch(IServiceProvider, WebMAPLicense, ILogger, string)' (but other parameters do)",
          "locations": [
            {
              "resultFile": {
                "uri": "file:///C:/A1/_work/11/s/src/Mobilize.WFNetMAP.ConversionTool.Tasks/LicenseCommonOperations.cs",
                "region": {
                  "startLine": 162,
                  "startColumn": 137,
                  "endLine": 162,
                  "endColumn": 156
                }
              }
            }
          ],
          "properties": {
            "warningLevel": 4
          }
        },
        {
          "ruleId": "CS1591",
          "level": "warning",
          "message": "Missing XML comment for publicly visible type or member 'LicenseConfiguration.hasValidLicense'",
          "locations": [
            {
              "resultFile": {
                "uri": "file:///C:/A1/_work/11/s/src/Mobilize.WFNetMAP.ConversionTool.Tasks/LicenseConfiguration.cs",
                "region": {
                  "startLine": 17,
                  "startColumn": 22,
                  "endLine": 17,
                  "endColumn": 37
                }
              }
            }
          ],
          "properties": {
            "warningLevel": 4
          }
        },
        {
          "ruleId": "CS1591",
          "level": "warning",
          "message": "Missing XML comment for publicly visible type or member 'LicenseConfiguration.LicensePath'",
          "locations": [
            {
              "resultFile": {
                "uri": "file:///C:/A1/_work/11/s/src/Mobilize.WFNetMAP.ConversionTool.Tasks/LicenseConfiguration.cs",
                "region": {
                  "startLine": 19,
                  "startColumn": 23,
                  "endLine": 19,
                  "endColumn": 34
                }
              }
            }
          ],
          "properties": {
            "warningLevel": 4
          }
        },
        {
          "ruleId": "CS1591",
          "level": "warning",
          "message": "Missing XML comment for publicly visible type or member 'LicenseConfiguration.solutionLOC'",
          "locations": [
            {
              "resultFile": {
                "uri": "file:///C:/A1/_work/11/s/src/Mobilize.WFNetMAP.ConversionTool.Tasks/LicenseConfiguration.cs",
                "region": {
                  "startLine": 21,
                  "startColumn": 21,
                  "endLine": 21,
                  "endColumn": 32
                }
              }
            }
          ],
          "properties": {
            "warningLevel": 4
          }
        },
        {
          "ruleId": "CS1591",
          "level": "warning",
          "message": "Missing XML comment for publicly visible type or member 'LicenseConfiguration.fingerprintFilePath'",
          "locations": [
            {
              "resultFile": {
                "uri": "file:///C:/A1/_work/11/s/src/Mobilize.WFNetMAP.ConversionTool.Tasks/LicenseConfiguration.cs",
                "region": {
                  "startLine": 23,
                  "startColumn": 23,
                  "endLine": 23,
                  "endColumn": 42
                }
              }
            }
          ],
          "properties": {
            "warningLevel": 4
          }
        },
        {
          "ruleId": "CS1591",
          "level": "warning",
          "message": "Missing XML comment for publicly visible type or member 'LicenseConfiguration.trialLicenseUpdated'",
          "locations": [
            {
              "resultFile": {
                "uri": "file:///C:/A1/_work/11/s/src/Mobilize.WFNetMAP.ConversionTool.Tasks/LicenseConfiguration.cs",
                "region": {
                  "startLine": 25,
                  "startColumn": 22,
                  "endLine": 25,
                  "endColumn": 41
                }
              }
            }
          ],
          "properties": {
            "warningLevel": 4
          }
        },
        {
          "ruleId": "CS1591",
          "level": "warning",
          "message": "Missing XML comment for publicly visible type or member 'LicenseConfiguration.generateFingerprint'",
          "locations": [
            {
              "resultFile": {
                "uri": "file:///C:/A1/_work/11/s/src/Mobilize.WFNetMAP.ConversionTool.Tasks/LicenseConfiguration.cs",
                "region": {
                  "startLine": 27,
                  "startColumn": 22,
                  "endLine": 27,
                  "endColumn": 41
                }
              }
            }
          ],
          "properties": {
            "warningLevel": 4
          }
        },
        {
          "ruleId": "CS1591",
          "level": "warning",
          "message": "Missing XML comment for publicly visible type or member 'PrettyPrinterTask.EndProjectAsync(NetSolution, NetProject)'",
          "locations": [
            {
              "resultFile": {
                "uri": "file:///C:/A1/_work/11/s/src/Mobilize.WFNetMAP.ConversionTool.Tasks/PrettyPrinterTask.cs",
                "region": {
                  "startLine": 83,
                  "startColumn": 33,
                  "endLine": 83,
                  "endColumn": 48
                }
              }
            }
          ],
          "properties": {
            "warningLevel": 4
          }
        }
      ],
      "rules": {
        "CS0169": {
          "id": "CS0169",
          "shortDescription": "Field is never used",
          "defaultLevel": "warning",
          "properties": {
            "category": "Compiler",
            "isEnabledByDefault": true,
            "tags": [
              "Compiler",
              "Telemetry"
            ]
          }
        },
        "CS0649": {
          "id": "CS0649",
          "shortDescription": "Field is never assigned to, and will always have its default value",
          "defaultLevel": "warning",
          "properties": {
            "category": "Compiler",
            "isEnabledByDefault": true,
            "tags": [
              "Compiler",
              "Telemetry"
            ]
          }
        },
        "CS1573": {
          "id": "CS1573",
          "shortDescription": "Parameter has no matching param tag in the XML comment (but other parameters do)",
          "defaultLevel": "warning",
          "properties": {
            "category": "Compiler",
            "isEnabledByDefault": true,
            "tags": [
              "Compiler",
              "Telemetry"
            ]
          }
        },
        "CS1591": {
          "id": "CS1591",
          "shortDescription": "Missing XML comment for publicly visible type or member",
          "fullDescription": "The /doc compiler option was specified, but one or more constructs did not have comments.",
          "defaultLevel": "warning",
          "properties": {
            "category": "Compiler",
            "isEnabledByDefault": true,
            "tags": [
              "Compiler",
              "Telemetry"
            ]
          }
        }
      }
    }
  ]
}