<?xml version="1.0"?>
<doc>
    <assembly>
        <name>Mobilize.Services.StubGenerationService</name>
    </assembly>
    <members>
        <member name="T:Mobilize.Services.StubGenerationService.GraphInfoForClasses">
            <summary>
            Graph information for parents relations of the associated builder classes.
            </summary>
        </member>
        <member name="F:Mobilize.Services.StubGenerationService.GraphInfoForClasses.ParentInfos">
            <summary>
            It saves a class, a statuts that indicates if this class is used and it's class parent.
            Made Internal for test validation
            </summary>
        </member>
        <member name="M:Mobilize.Services.StubGenerationService.GraphInfoForClasses.#ctor(Artinsoft.Common.AST.SequenceBuilder{Artinsoft.CSharp.AST.ICSNamespaceMember})">
            <summary>
            Initializes a new instance of the <see cref="T:Mobilize.Services.StubGenerationService.GraphInfoForClasses"/> class.
            </summary>
            <param name="associatedBuilder">The associated builder.</param>
        </member>
        <member name="M:Mobilize.Services.StubGenerationService.GraphInfoForClasses.ResolveUsedParents">
            <summary>
            Resolves the used parents.
            </summary>
        </member>
        <member name="M:Mobilize.Services.StubGenerationService.GraphInfoForClasses.AddParent(System.String,Mobilize.Common.DotNet.Symbols.INamedTypeSymbol)">
            <summary>
            Adds the parent and records the necessary ancestor information metadata
            </summary>
            <param name="className">Name of the class.</param>
            <param name="baseType">Type of the base.</param>
        </member>
        <member name="M:Mobilize.Services.StubGenerationService.GraphInfoForClasses.GetParentUsed(System.String)">
            <summary>
            Gets the parent used.
            </summary>
            <param name="className">The classname to find its parent used.</param>
            <returns>The parent used and string.Empty when there is nothing used.</returns>
        </member>
        <member name="M:Mobilize.Services.StubGenerationService.GraphInfoForClasses.UpdateNonStubParentInfo(System.String,System.String,System.String,Mobilize.Common.DotNet.Symbols.INamedTypeSymbol)">
            <summary>
            Saves the reference of a stub to a non stub class
            </summary>
            <param name="mappedParent">The parent class full name after applying mapping</param>
            <param name="originalParent">The parent class full name without mapping</param>
            <param name="memberClassName">The class name that inherits from the parent</param>
            <param name="parentSymbol">The symbol information of the parent</param>
        </member>
        <member name="M:Mobilize.Services.StubGenerationService.GraphInfoForClasses.GetNonStubParent(System.String)">
            <summary>
            Gets the parent for a stub
            </summary>
            <param name="className">The className of the stub</param>
            <returns>The parent if there was one, if not, string.empty</returns>
        </member>
        <member name="M:Mobilize.Services.StubGenerationService.GraphInfoForClasses.GetInnerClasses(System.String)">
            <summary>
            Method to get all the inner class given a className
            </summary>
            <param name="className">The className</param>
            <returns>All the inner classes of a class</returns>
        </member>
        <member name="T:Mobilize.Services.StubGenerationService.GraphInfoForInterfaces">
            <summary>
            Class for handling the information about the parents of an interface.
            </summary>
        </member>
        <member name="M:Mobilize.Services.StubGenerationService.GraphInfoForInterfaces.#ctor(Artinsoft.Common.AST.SequenceBuilder{Artinsoft.CSharp.AST.ICSNamespaceMember})">
            <summary>
            Initializes a new instance of the <see cref="T:Mobilize.Services.StubGenerationService.GraphInfoForInterfaces"/> class.
            </summary>
            <param name="associatedBuilder">The associated builder.</param>
        </member>
        <member name="M:Mobilize.Services.StubGenerationService.GraphInfoForInterfaces.AddParent(System.String,System.Collections.Immutable.ImmutableArray{Mobilize.Common.DotNet.Symbols.INamedTypeSymbol})">
            <summary>
            It adds the information about an interface and it's parents
            </summary>
            <param name="interfaceName">The name of the interface</param>
            <param name="interfacesUsed">List of interfaces used</param>
        </member>
        <member name="M:Mobilize.Services.StubGenerationService.GraphInfoForInterfaces.ResolveUsedParents">
            <summary>
            Resolves the used parents.
            </summary>
        </member>
        <member name="M:Mobilize.Services.StubGenerationService.GraphInfoForInterfaces.GetParentUsed(System.String)">
            <summary>
            Gets the parent used.
            </summary>
            <param name="className">The classname to find its parent used.</param>
            <returns>The parent used and string.Empty when there is nothing used.</returns>
        </member>
        <member name="T:Mobilize.Services.StubGenerationService.InterfaceInfo">
            <summary>
            Class to have information about a interface, where it saves it's parents and if it is used or not.
            Example: Interface1 has heritage from Interface2 and Interface3, but Interface1 is not being
            used in the code.
            </summary>
        </member>
        <member name="M:Mobilize.Services.StubGenerationService.InterfaceInfo.#ctor(System.Collections.Generic.List{System.String})">
            <summary>
            Initializes a new instance of the <see cref="T:Mobilize.Services.StubGenerationService.InterfaceInfo"/> class.
            </summary>
            <param name="parents">The list of parent.</param>
        </member>
        <member name="P:Mobilize.Services.StubGenerationService.InterfaceInfo.IsUsed">
            <summary>
            Gets or sets a value indicating whether this instance is used.
            </summary>
            <value>
              <c>true</c> if this instance is used; otherwise, <c>false</c>.
            </value>
        </member>
        <member name="P:Mobilize.Services.StubGenerationService.InterfaceInfo.Parents">
            <summary>
            Gets or sets the list of parent.
            </summary>
            <value>
            The list of parent.
            </value>
        </member>
        <member name="T:Mobilize.Services.StubGenerationService.KindClass">
            <summary>
            Kind of classes supported by the stub generation service
            </summary>
        </member>
        <member name="F:Mobilize.Services.StubGenerationService.KindClass.StubClass">
            <summary>
            The stub class
            </summary>
        </member>
        <member name="F:Mobilize.Services.StubGenerationService.KindClass.ExtensionClass">
            <summary>
            The extension class
            </summary>
        </member>
        <member name="F:Mobilize.Services.StubGenerationService.KindClass.ExtendedPropertiesClass">
            <summary>
            The extended properties class
            </summary>
        </member>
        <member name="T:Mobilize.Services.StubGenerationService.ParentInfo">
            <summary>
            Parent information class
            </summary>
        </member>
        <member name="M:Mobilize.Services.StubGenerationService.ParentInfo.#ctor(System.String)">
            <summary>
            Initializes a new instance of the <see cref="T:Mobilize.Services.StubGenerationService.ParentInfo"/> class.
            </summary>
            <param name="parent">The parent.</param>
        </member>
        <member name="P:Mobilize.Services.StubGenerationService.ParentInfo.IsUsed">
            <summary>
            Gets or sets a value indicating whether this instance is used.
            </summary>
            <value>
              <c>true</c> if this instance is used; otherwise, <c>false</c>.
            </value>
        </member>
        <member name="P:Mobilize.Services.StubGenerationService.ParentInfo.Parent">
            <summary>
            Gets or sets the parent.
            </summary>
            <value>
            The parent.
            </value>
        </member>
        <member name="T:Mobilize.Services.StubGenerationService.SaveFileParams">
            <summary>
            Contains values required for StubGenerationService.SaveFilesFromContainer
            </summary>
        </member>
        <member name="M:Mobilize.Services.StubGenerationService.SaveFileParams.#ctor(System.String,System.Boolean,System.Boolean)">
            <summary>
            Initializes a new instance of the <see cref="T:Mobilize.Services.StubGenerationService.SaveFileParams"/> class.
            The constructor for SaveFileParams
            </summary>
            <param name="suffixClassName">Suffix of the class name.</param>
            <param name="filterEmpty">Indicates wheter if the filter is Empty.</param>
            <param name="isBaseStub">Indicates whether if it's a stub or an Ex.</param>
        </member>
        <member name="P:Mobilize.Services.StubGenerationService.SaveFileParams.SuffixClassName">
            <summary>
            Gets or sets the Suffix of the class name.
            </summary>
        </member>
        <member name="P:Mobilize.Services.StubGenerationService.SaveFileParams.FilterEmpty">
            <summary>
            Gets or sets a value indicating whether if the filter is Empty
            </summary>
        </member>
        <member name="P:Mobilize.Services.StubGenerationService.SaveFileParams.IsBaseStub">
            <summary>
            Gets or sets a value indicating whether if it's a stub or an Ex.
            </summary>
        </member>
        <member name="T:Mobilize.Services.StubGenerationService.StubFilter">
            <summary>
            Stub Filter Class
            </summary>
        </member>
        <member name="F:Mobilize.Services.StubGenerationService.StubFilter.filterExclusions">
            <summary>
            Forces inclusions
            </summary>
        </member>
        <member name="F:Mobilize.Services.StubGenerationService.StubFilter.assemblyToBeFiltered">
            <summary>
            To be filtered assemblies
            </summary>
        </member>
        <member name="F:Mobilize.Services.StubGenerationService.StubFilter.classToBeFiltered">
            <summary>
            To be filtered classes
            </summary>
        </member>
        <member name="F:Mobilize.Services.StubGenerationService.StubFilter.namespaceToBeFiltered">
            <summary>
            To be filtered namespaces
            </summary>
        </member>
        <member name="F:Mobilize.Services.StubGenerationService.StubFilter.FiltersFileNameSuffix">
            <summary>
            The filters file name suffix
            </summary>
        </member>
        <member name="F:Mobilize.Services.StubGenerationService.StubFilter.fileSystem">
            <summary>
            The file system
            </summary>
        </member>
        <member name="M:Mobilize.Services.StubGenerationService.StubFilter.#ctor(System.IO.Abstractions.IFileSystem,Microsoft.Extensions.Logging.ILogger)">
            <summary>
            Initializes a new instance of the <see cref="T:Mobilize.Services.StubGenerationService.StubFilter" /> class.
            </summary>
            <param name="fileSystem">The file system.</param>
            <param name="logger">The logger.</param>
        </member>
        <member name="M:Mobilize.Services.StubGenerationService.StubFilter.IsFilteredType(Mobilize.Common.DotNet.Symbols.ITypeSymbol)">
            <summary>
            Determines whether [is filtered type] [the specified type symbol information].
            </summary>
            <param name="typeSymbolInfo">The type symbol information.</param>
            <returns>
              <c>true</c> if [is filtered type] [the specified type symbol information]; otherwise, <c>false</c>.
            </returns>
        </member>
        <member name="M:Mobilize.Services.StubGenerationService.StubFilter.GetFiltersBy(System.Xml.Linq.XDocument,System.String)">
            <summary>
            Get filters by type, from given doc
            </summary>
            <param name="doc">The document where filters are located</param>
            <param name="type">Name of Xml Element to get: Assembly or Namespace</param>
            <returns>The enumerable</returns>
        </member>
        <member name="M:Mobilize.Services.StubGenerationService.StubFilter.GetFiltersFileName">
            <summary>
            Gets filter files fullpath.
            </summary>
            <returns>The enumerable of file names</returns>
        </member>
        <member name="M:Mobilize.Services.StubGenerationService.StubFilter.LoadFilters">
            <summary>
            Loads filters from configuration files name ending with "ConfigurableStubFilter.xml"
            Following files will match:
                Hunter.ConfigurableStubFilter.xml 
                JonhDoe.ConfigurableStubFilter.xml
            If no files exists no filters are loaded.
            </summary>
        </member>
        <member name="T:Mobilize.Services.StubGenerationService.StubGenerationService">
            <summary>
            Stub generation service.
            </summary>
            <seealso cref="T:Mobilize.StubGeneration.Abstractions.IStubGenerationService" />
        </member>
        <member name="M:Mobilize.Services.StubGenerationService.StubGenerationService.#ctor(System.IO.Abstractions.IFileSystem,Microsoft.Extensions.Logging.ILogger)">
            <summary>
            Initializes a new instance of the <see cref="T:Mobilize.Services.StubGenerationService.StubGenerationService" /> class.
            </summary>
            <param name="fileSystem">The file system.</param>
            <param name="logger">The logger service.</param>
        </member>
        <member name="P:Mobilize.Services.StubGenerationService.StubGenerationService.GUID">
            <summary>
            Gets the unique identifier.
            </summary>
            <value>
            The unique identifier.
            </value>
        </member>
        <member name="P:Mobilize.Services.StubGenerationService.StubGenerationService.HasTypeRegistered">
            <inheritdoc/>
        </member>
        <member name="P:Mobilize.Services.StubGenerationService.StubGenerationService.Name">
            <inheritdoc/>
        </member>
        <member name="P:Mobilize.Services.StubGenerationService.StubGenerationService.ProjectFileName">
            <inheritdoc/>
        </member>
        <member name="P:Mobilize.Services.StubGenerationService.StubGenerationService.RootNamespace">
            <inheritdoc/>
        </member>
        <member name="P:Mobilize.Services.StubGenerationService.StubGenerationService.ExtensionsNamespace">
            <inheritdoc/>
        </member>
        <member name="P:Mobilize.Services.StubGenerationService.StubGenerationService.RootPrefixNamespace">
            <inheritdoc/>
        </member>
        <member name="P:Mobilize.Services.StubGenerationService.StubGenerationService.ByRefFeature">
            <inheritdoc/>
        </member>
        <member name="M:Mobilize.Services.StubGenerationService.StubGenerationService.AddProjectReferenceStub(System.String)">
            <inheritdoc/>
        </member>
        <member name="M:Mobilize.Services.StubGenerationService.StubGenerationService.AddUnitStubUse(Artinsoft.Common.AST.AstSourceInstance)">
            <inheritdoc/>
        </member>
        <member name="M:Mobilize.Services.StubGenerationService.StubGenerationService.IsProjectReferenceStub(System.String)">
            <inheritdoc/>
        </member>
        <member name="M:Mobilize.Services.StubGenerationService.StubGenerationService.IsUnitStubUsed(Artinsoft.Common.AST.AstSourceInstance)">
            <inheritdoc/>
        </member>
        <member name="M:Mobilize.Services.StubGenerationService.StubGenerationService.IsExtensionType(Mobilize.TransformationCore.IContext,Mobilize.Common.DotNet.Symbols.ITypeSymbol)">
            <inheritdoc/>
        </member>
        <member name="M:Mobilize.Services.StubGenerationService.StubGenerationService.RegisterConstructor(Mobilize.TransformationCore.IContext,Mobilize.Common.DotNet.Symbols.IMethodSymbol)">
            <inheritdoc/>
        </member>
        <member name="M:Mobilize.Services.StubGenerationService.StubGenerationService.RegisterMember(Mobilize.TransformationCore.IContext,Mobilize.Common.DotNet.Symbols.IFieldSymbol,Artinsoft.Common.AST.IAst)">
            <inheritdoc/>
        </member>
        <member name="M:Mobilize.Services.StubGenerationService.StubGenerationService.RegisterMember(Mobilize.TransformationCore.IContext,Mobilize.Common.DotNet.Symbols.IPropertySymbol,Artinsoft.Common.AST.IAst)">
            <inheritdoc/>
        </member>
        <member name="M:Mobilize.Services.StubGenerationService.StubGenerationService.RegisterEvent(Mobilize.TransformationCore.IContext,Mobilize.Common.DotNet.Symbols.IEventSymbol)">
            <inheritdoc/>
        </member>
        <member name="M:Mobilize.Services.StubGenerationService.StubGenerationService.RegisterEnumMember(Mobilize.TransformationCore.IContext,Mobilize.Common.DotNet.Symbols.IFieldSymbol,Artinsoft.Common.AST.IAst)">
            <inheritdoc/>
        </member>
        <member name="M:Mobilize.Services.StubGenerationService.StubGenerationService.RegisterMethod(Mobilize.TransformationCore.IContext,Mobilize.Common.DotNet.Symbols.IMethodSymbol,Artinsoft.Common.AST.IAst,System.Boolean@)">
            <inheritdoc/>
        </member>
        <member name="M:Mobilize.Services.StubGenerationService.StubGenerationService.RegisterParentInfoUsed(Mobilize.TransformationCore.IContext,Artinsoft.Common.AST.IAst)">
            <summary>
            Saves the stubs references to non stubs classes
            </summary>
            <param name="context">The context</param>
            <param name="node">The node that is being checked</param>
        </member>
        <member name="M:Mobilize.Services.StubGenerationService.StubGenerationService.RegisterType(Mobilize.TransformationCore.IContext,Mobilize.Common.DotNet.Symbols.ITypeSymbol,System.Boolean,System.Boolean,System.Boolean)">
            <inheritdoc/>
        </member>
        <member name="M:Mobilize.Services.StubGenerationService.StubGenerationService.WriteTo(System.String,System.IO.Abstractions.IFileSystem)">
            <inheritdoc/>
        </member>
        <member name="M:Mobilize.Services.StubGenerationService.StubGenerationService.MapTypeWithSymbol(System.String,Mobilize.TransformationCore.IContext,Mobilize.Common.DotNet.Symbols.ITypeSymbol,Artinsoft.CSharp.AST.CSType,Mobilize.Services.StubGenerationService.StubGenerationService,System.Boolean@)">
            <summary>
            Maps the type with symbol.
            </summary>
            <param name="rootPrefixNamespace">The root prefix namespace.</param>
            <param name="context">The context.</param>
            <param name="symbol">The symbol.</param>
            <param name="originalType">Type of the original.</param>
            <param name="stubGenerationService">The stub generation service.</param>
            <returns>A CSType with value if it is mapped, if not, null</returns>
        </member>
        <member name="M:Mobilize.Services.StubGenerationService.StubGenerationService.AddMappedType(System.String,System.String)">
            <summary>
            Add a mapped type to the dictionary.
            </summary>
            <param name="originalType">The original type name.</param>
            <param name="mappedType">The mapped type name.</param>
        </member>
        <member name="M:Mobilize.Services.StubGenerationService.StubGenerationService.IsMappedType(System.String)">
            <summary>
            Determines if the type was already mapped.
            </summary>
            <param name="originalType">The original type</param>
            <returns>Returns true when the type was already mapped, false otherwise.</returns>
        </member>
        <member name="M:Mobilize.Services.StubGenerationService.StubGenerationService.MappedType(System.String)">
            <summary>
            Mappeds the type.
            </summary>
            <param name="originalName">Name of the original.</param>
            <returns>The mapped node, or null in case it is not mapped</returns>
        </member>
        <member name="M:Mobilize.Services.StubGenerationService.StubGenerationService.GetModifierParam(Mobilize.Common.DotNet.Symbols.IParameterSymbol)">
            <summary>
            It gets the modifier needed for the parameter.
            The Modifier Out is not handle here, needs to be implemented.
            </summary>
            <param name="symbol">The parameter symbol.</param>
            <returns>
            The modified needed.
            </returns>
        </member>
        <member name="T:Mobilize.View.Extensions.SequenceExtensions">
            <summary>
            Extensions for SequenceView methods.
            </summary>
        </member>
        <member name="M:Mobilize.View.Extensions.SequenceExtensions.FirstBuilder``1(Artinsoft.Common.AST.SequenceView{Artinsoft.CSharp.AST.ICSNamespaceMember})">
            <summary>
            Returns the first builder of the sequence.
            </summary>
            <typeparam name="T">The type of the builder.</typeparam>
            <param name="sequenceView">The sequence where to get the first view.</param>
            <returns>The first builder.</returns>
        </member>
    </members>
</doc>
