<?xml version="1.0"?>
<doc>
    <assembly>
        <name>Mobilize.LicenseService.Abstractions</name>
    </assembly>
    <members>
        <member name="T:Mobilize.LicenseService.Abstractions.ILicenseService">
            <summary>
            Interface of License Service
            </summary>
        </member>
        <member name="M:Mobilize.LicenseService.Abstractions.ILicenseService.ValidateLicense(System.String,System.Int32,Mobilize.WebMAP.License.Manager.WebMAPLicense)">
            <summary>
            cValidates the license.
            </summary>
            <param name="licensePath">The license path</param>
            <param name="totalLOC">Total lines of code</param>
            <param name="webMAPLicense">The WebMapLicense</param>
            <returns>Returns a LicenseValidationDTO</returns>
        </member>
        <member name="M:Mobilize.LicenseService.Abstractions.ILicenseService.UpdateLicense(Mobilize.WebMAP.License.Manager.WebMAPLicense)">
            <summary>
            Updates the license
            </summary>
            <param name="webMAPLicense">The web map license</param>
            <returns>true / false</returns>
        </member>
    </members>
</doc>
