<?xml version="1.0"?>
<doc>
    <assembly>
        <name>Mobilize.WFNetMAP.ConversionTool.Tasks</name>
    </assembly>
    <members>
        <member name="T:Mobilize.WFNetMAP.ConversionTool.Tasks.BaseTask">
            <summary>
            Base common task for all WFNet Conversion and Generation Tasks.
            It contains the common TaskParams needed for all the tasks
            </summary>
            <seealso cref="T:Mobilize.Common.NetAggregation.Tasks.AsyncDotNetTask" />
        </member>
        <member name="M:Mobilize.WFNetMAP.ConversionTool.Tasks.BaseTask.StartSolutionAsync(Artinsoft.Common.NetAggregation.NetSolution)">
            <inheritdoc/>
        </member>
        <member name="M:Mobilize.WFNetMAP.ConversionTool.Tasks.BaseTask.IsValidASTSource(Artinsoft.Common.AST.IAstSource)">
            <summary>
            Determines whether [is a valid ast source] [the specified source].
            </summary>
            <param name="source">The source.</param>
            <returns>
              <c>true</c> if [is a valid ast source] [the specified source]; otherwise, <c>false</c>.
            </returns>
        </member>
        <member name="T:Mobilize.WFNetMAP.ConversionTool.Tasks.CollectInformationTask">
            <summary>
            This task collects all the classes that should be transformed into an observable class
            </summary>
            <seealso cref="T:Mobilize.WFNetMAP.ConversionTool.Tasks.BaseTask" />
        </member>
        <member name="P:Mobilize.WFNetMAP.ConversionTool.Tasks.CollectInformationTask.Priority">
            <inheritdoc/>
        </member>
        <member name="M:Mobilize.WFNetMAP.ConversionTool.Tasks.CollectInformationTask.StartSolutionAsync(Artinsoft.Common.NetAggregation.NetSolution)">
            <inheritdoc/>
        </member>
        <member name="M:Mobilize.WFNetMAP.ConversionTool.Tasks.CollectInformationTask.ProcessAsync(Artinsoft.Common.NetAggregation.NetSolution,Artinsoft.Common.NetAggregation.NetProject,Artinsoft.Common.NetAggregation.ProjectSymbols,Artinsoft.Common.AST.IAstSource)">
            <inheritdoc/>
        </member>
        <member name="T:Mobilize.WFNetMAP.ConversionTool.Tasks.FingerprintGeneratorExtensionTask">
            <summary>
            This task is a extension of FingerprintGeneratorTask that generates fringerprint
            </summary>
            <seealso cref="T:Mobilize.Common.NetAggregation.Tasks.AsyncDotNetTask" />
        </member>
        <member name="M:Mobilize.WFNetMAP.ConversionTool.Tasks.FingerprintGeneratorExtensionTask.InitEnabled">
            <inheritdoc/>
        </member>
        <member name="M:Mobilize.WFNetMAP.ConversionTool.Tasks.FingerprintGeneratorExtensionTask.EndProjectAsync(Artinsoft.Common.NetAggregation.NetSolution,Artinsoft.Common.NetAggregation.NetProject)">
            <inheritdoc/>
        </member>
        <member name="M:Mobilize.WFNetMAP.ConversionTool.Tasks.FingerprintGeneratorExtensionTask.EndSolutionAsync(Artinsoft.Common.NetAggregation.NetSolution)">
            <inheritdoc/>
        </member>
        <member name="M:Mobilize.WFNetMAP.ConversionTool.Tasks.FingerprintGeneratorExtensionTask.ProcessAsync(Artinsoft.Common.NetAggregation.NetSolution,Artinsoft.Common.NetAggregation.NetProject,Artinsoft.Common.AST.IAstSource)">
            <inheritdoc/>
        </member>
        <member name="M:Mobilize.WFNetMAP.ConversionTool.Tasks.FingerprintGeneratorExtensionTask.StartProjectAsync(Artinsoft.Common.NetAggregation.NetSolution,Artinsoft.Common.NetAggregation.NetProject)">
            <inheritdoc/>
        </member>
        <member name="M:Mobilize.WFNetMAP.ConversionTool.Tasks.FingerprintGeneratorExtensionTask.StartSolutionAsync(Artinsoft.Common.NetAggregation.NetSolution)">
            <inheritdoc/>
        </member>
        <member name="T:Mobilize.WFNetMAP.ConversionTool.Tasks.FrontEndGenerationTask">
            <summary>
            This task generates the FrontEnd Angular Project, html, css and typescrip.
            </summary>
            <seealso cref="T:Mobilize.WFNetMAP.ConversionTool.Tasks.BaseTask" />
        </member>
        <member name="P:Mobilize.WFNetMAP.ConversionTool.Tasks.FrontEndGenerationTask.Priority">
            <inheritdoc/>
        </member>
        <member name="M:Mobilize.WFNetMAP.ConversionTool.Tasks.FrontEndGenerationTask.EndProjectAsync(Artinsoft.Common.NetAggregation.NetSolution,Artinsoft.Common.NetAggregation.NetProject)">
            <summary>
            Generates the FrontEnd Angular Project
            </summary>
            <param name="solution">The solution.</param>
            <param name="project">The project.</param>
            <returns>The task</returns>
        </member>
        <member name="M:Mobilize.WFNetMAP.ConversionTool.Tasks.FrontEndGenerationTask.ProcessAsync(Artinsoft.Common.NetAggregation.NetSolutionInstance,Artinsoft.Common.NetAggregation.NetProjectInstance,Artinsoft.Common.NetAggregation.ProjectSymbols,Artinsoft.Common.AST.AstSource)">
            <summary>
            Generates the typescript, Html and CSS files
            </summary>
            <param name="solution">The solution.</param>
            <param name="project">The project.</param>
            <param name="projectSymbols">The project symbols.</param>
            <param name="source">The source.</param>
            <returns>The instance</returns>
        </member>
        <member name="M:Mobilize.WFNetMAP.ConversionTool.Tasks.FrontEndGenerationTask.StartProjectAsync(Artinsoft.Common.NetAggregation.NetSolution,Artinsoft.Common.NetAggregation.NetProject)">
            <summary>
            Starts collecting the Module Names and the FrontEndAppName
            </summary>
            <param name="solution">The solution.</param>
            <param name="project">The project.</param>
            <returns>The same task</returns>
        </member>
        <member name="M:Mobilize.WFNetMAP.ConversionTool.Tasks.FrontEndGenerationTask.GetClassName(Artinsoft.Common.AST.ICompound)">
            <summary>
            Gets the current class name
            </summary>
            <param name="root">The root.</param>
            <returns>The class name</returns>
        </member>
        <member name="M:Mobilize.WFNetMAP.ConversionTool.Tasks.FrontEndGenerationTask.ApplyRulesTS(Mobilize.TransformationCore.IContext,Artinsoft.Common.AST.ICompound)">
            <summary>
            Applies TypeSript transformation rules
            </summary>
            <param name="context">The context.</param>
            <param name="root">The root.</param>
            <returns>The converted AST</returns>
        </member>
        <member name="M:Mobilize.WFNetMAP.ConversionTool.Tasks.FrontEndGenerationTask.GenerateHTMLAndCSS(System.String,System.String)">
            <summary>
            Generates HTML and CSS.
            </summary>
            <param name="projectName">Name of the project.</param>
            <param name="className">Name of the source class.</param>
        </member>
        <member name="M:Mobilize.WFNetMAP.ConversionTool.Tasks.FrontEndGenerationTask.GetContext(Artinsoft.Common.NetAggregation.NetProjectInstance,Artinsoft.Common.NetAggregation.SymbolicInformation,Artinsoft.Common.AST.AstSourceInstance)">
            <summary>
            Gets the context.
            </summary>
            <param name="project">The project.</param>
            <param name="symbolInfo">The symbol information.</param>
            <param name="instance">The instance.</param>
            <returns>The context</returns>
        </member>
        <member name="M:Mobilize.WFNetMAP.ConversionTool.Tasks.FrontEndGenerationTask.PrettyPrintTypeScript(System.String,System.String,Mobilize.TypeScript.AST.TSCompound)">
            <summary>
            PrettyPrint from an AST to Typescript file
            </summary>
            <param name="moduleName">Name of the module.</param>
            <param name="fileName">Name of the file.</param>
            <param name="convertedAst">The converted ast.</param>
        </member>
        <member name="M:Mobilize.WFNetMAP.ConversionTool.Tasks.FrontEndGenerationTask.ShouldGenerateFrontEndFiles(Artinsoft.Common.AST.AstSourceInstance)">
            <summary>
            Should generate front end files?
            </summary>
            <param name="instance">The instance.</param>
            <returns>True if it should generate front end files, otherwise false</returns>
        </member>
        <member name="T:Mobilize.WFNetMAP.ConversionTool.Tasks.LicenseCommonOperations">
            <summary>
            This class contains some common operations related with License Validation
            </summary>
        </member>
        <member name="M:Mobilize.WFNetMAP.ConversionTool.Tasks.LicenseCommonOperations.LogRemainingLicenseLines(Mobilize.WebMAP.License.Manager.WebMAPLicense,System.String,Microsoft.Extensions.Logging.ILogger)">
            <summary>
            Logs the remaining license lines.
            </summary>
            <param name="webMAPLicense">The web map license.</param>
            <param name="licensePath">The license path.</param>
            <param name="logger">The logger.</param>
        </member>
        <member name="M:Mobilize.WFNetMAP.ConversionTool.Tasks.LicenseCommonOperations.PerformLicenseValidation(Mobilize.LicenseService.Abstractions.ILicenseService,System.String,System.Int32,Microsoft.Extensions.Logging.ILogger,Mobilize.WebMAP.License.Manager.WebMAPLicense)">
            <summary>
            Performs the license validation.
            </summary>
            <param name="licenseService">The license service.</param>
            <param name="licensePath">The license path.</param>
            <param name="solutionLOC">The solution loc.</param>
            <param name="logger">The logger.</param>
            <param name="webMapLicense">The web map license.</param>
            <returns>true if the license is valid, otherwise false</returns>
        </member>
        <member name="M:Mobilize.WFNetMAP.ConversionTool.Tasks.LicenseCommonOperations.VerifyValidLicense(System.Nullable{System.Boolean},Microsoft.Extensions.Logging.ILogger)">
            <summary>
            Verifies the valid license.
            </summary>
            <param name="hasValidLicense">The has valid license.</param>
            <param name="logger">The logger.</param>
            <returns>return true or false if license is valid</returns>
        </member>
        <member name="M:Mobilize.WFNetMAP.ConversionTool.Tasks.LicenseCommonOperations.VerifyTrialLicenseUpdated(System.Nullable{System.Boolean},System.String,Microsoft.Extensions.Logging.ILogger)">
            <summary>
            Verifies the trial license updated.
            </summary>
            <param name="trialLicenseUpdated">The trial license updated.</param>
            <param name="licensePath">The license path.</param>
            <param name="logger">The logger.</param>
        </member>
        <member name="M:Mobilize.WFNetMAP.ConversionTool.Tasks.LicenseCommonOperations.UpdateTrialLicense(System.IServiceProvider,Mobilize.WebMAP.License.Manager.WebMAPLicense,Microsoft.Extensions.Logging.ILogger,System.Nullable{System.Int32})">
            <summary>
            Verifies the trial license.
            </summary>
            <param name="serviceProvider">The service provider.</param>
            <param name="webMAPLicense">The web map license.</param>
            <param name="logger">The logger.</param>
            <param name="solutionLOC">The solution loc.</param>
            <returns>true or false if the license have been updated</returns>
        </member>
        <member name="M:Mobilize.WFNetMAP.ConversionTool.Tasks.LicenseCommonOperations.VerifyLicenseTypesProcess(System.IServiceProvider,Mobilize.WebMAP.License.Manager.WebMAPLicense,Microsoft.Extensions.Logging.ILogger,System.Nullable{System.Boolean},System.String)">
            <summary>
            Verifies the license types process.
            </summary>
            <param name="serviceProvider">The service provider.</param>
            <param name="webMAPLicense">The web map license.</param>
            <param name="logger">The logger.</param>
            <param name="hasValidLicense">The has valid license.</param>
        </member>
        <member name="M:Mobilize.WFNetMAP.ConversionTool.Tasks.LicenseCommonOperations.CheckFingerprintsMatch(System.IServiceProvider,Mobilize.WebMAP.License.Manager.WebMAPLicense,Microsoft.Extensions.Logging.ILogger,System.String)">
            <summary>
            Checks the fingerprints match.
            </summary>
            <param name="serviceProvider">The service provider.</param>
            <param name="webMAPLicense">The web map license.</param>
            <param name="logger">The logger.</param>
            <returns>
            returns true or false if the fingerprint match </returns>
        </member>
        <member name="M:Mobilize.WFNetMAP.ConversionTool.Tasks.LicenseCommonOperations.LoadLicense(Mobilize.WebMAP.License.Manager.Intefaces.ILicenseEngine,System.String,Microsoft.Extensions.Logging.ILogger)">
            <summary>
            Loads the license.
            </summary>
            <param name="engine">The engine</param>
            <param name="licensePath">The license path.</param>
            <param name="logger">The logger.</param>
            <returns>return a webMAPLicense</returns>
        </member>
        <member name="T:Mobilize.WFNetMAP.ConversionTool.Tasks.LicenseConfiguration">
            <summary>
            License configuration to verificate information and sets their status. 
            </summary>
            <seealso cref="T:Mobilize.Common.NetAggregation.Tasks.AsyncDotNetTask" />
        </member>
        <member name="T:Mobilize.WFNetMAP.ConversionTool.Tasks.LicenseVerificationTask">
            <summary>
            This task verify the type of License and validate it.
            </summary>
            <seealso cref="T:Mobilize.Common.NetAggregation.Tasks.AsyncDotNetTask" />
        </member>
        <member name="P:Mobilize.WFNetMAP.ConversionTool.Tasks.LicenseVerificationTask.Priority">
            <inheritdoc/>
        </member>
        <member name="M:Mobilize.WFNetMAP.ConversionTool.Tasks.LicenseVerificationTask.StartSolutionAsync(Artinsoft.Common.NetAggregation.NetSolution)">
            <inheritdoc/>
        </member>
        <member name="M:Mobilize.WFNetMAP.ConversionTool.Tasks.LicenseVerificationTask.StartProjectAsync(Artinsoft.Common.NetAggregation.NetSolution,Artinsoft.Common.NetAggregation.NetProject)">
            <inheritdoc/>
        </member>
        <member name="M:Mobilize.WFNetMAP.ConversionTool.Tasks.LicenseVerificationTask.ProcessAsync(Artinsoft.Common.NetAggregation.NetSolution,Artinsoft.Common.NetAggregation.NetProject,Artinsoft.Common.AST.IAstSource)">
            <inheritdoc/>
        </member>
        <member name="M:Mobilize.WFNetMAP.ConversionTool.Tasks.LicenseVerificationTask.EndSolutionAsync(Artinsoft.Common.NetAggregation.NetSolution)">
            <inheritdoc/>
        </member>
        <member name="T:Mobilize.WFNetMAP.ConversionTool.Tasks.NetProjectData">
            <summary>
            Class that saves the asemblyname and the type of a project
            </summary>
        </member>
        <member name="M:Mobilize.WFNetMAP.ConversionTool.Tasks.NetProjectData.#ctor(System.String,Artinsoft.Common.NetAggregation.OutputType,System.String)">
            <summary>
            Initializes a new instance of the <see cref="T:Mobilize.WFNetMAP.ConversionTool.Tasks.NetProjectData"/> class.
            </summary>
            <param name="assemblyName">The AssemblyName of the project</param>
            <param name="outputType">The OutputType of the project</param>
            <param name="name">The name of the project</param>
        </member>
        <member name="P:Mobilize.WFNetMAP.ConversionTool.Tasks.NetProjectData.AssemblyName">
            <summary>
            Gets or sets the AssemblyName of the project
            </summary>
        </member>
        <member name="P:Mobilize.WFNetMAP.ConversionTool.Tasks.NetProjectData.OutputType">
            <summary>
            Gets or sets the OutputType of the project
            </summary>
        </member>
        <member name="P:Mobilize.WFNetMAP.ConversionTool.Tasks.NetProjectData.Name">
            <summary>
            Gets or sets the name of the project
            </summary>
        </member>
        <member name="T:Mobilize.WFNetMAP.ConversionTool.Tasks.PageObjectGenerationTask">
            <summary>
            Page Object Generation Task
            </summary>
            <seealso cref="T:Mobilize.WFNetMAP.ConversionTool.Tasks.BaseTask" />
        </member>
        <member name="P:Mobilize.WFNetMAP.ConversionTool.Tasks.PageObjectGenerationTask.Priority">
            <inheritdoc/>
        </member>
        <member name="M:Mobilize.WFNetMAP.ConversionTool.Tasks.PageObjectGenerationTask.EndSolutionAsync(Artinsoft.Common.NetAggregation.NetSolution)">
            <inheritdoc/>
        </member>
        <member name="T:Mobilize.WFNetMAP.ConversionTool.Tasks.PreProcessConversionTask">
            <summary>
            This task initializes common properties related to the whole projects collection like the common root path
            and the excluded projects.
            </summary>
            <seealso cref="T:Mobilize.Common.NetAggregation.Tasks.AsyncDotNetTask" />
        </member>
        <member name="F:Mobilize.WFNetMAP.ConversionTool.Tasks.PreProcessConversionTask.runner">
            <summary>
            Defines the runner
            </summary>
        </member>
        <member name="F:Mobilize.WFNetMAP.ConversionTool.Tasks.PreProcessConversionTask.mainProject">
            <summary>
            Defines the MainProject
            </summary>
        </member>
        <member name="F:Mobilize.WFNetMAP.ConversionTool.Tasks.PreProcessConversionTask.frontEndAppName">
            <summary>
            Defines the frontEndAppName
            </summary>
        </member>
        <member name="F:Mobilize.WFNetMAP.ConversionTool.Tasks.PreProcessConversionTask.frontEndAppOutputPath">
            <summary>
            Defines the frontEndAppOutputPath
            </summary>
        </member>
        <member name="F:Mobilize.WFNetMAP.ConversionTool.Tasks.PreProcessConversionTask.inputRootPath">
            <summary>
            Defines the inputRootPath
            </summary>
        </member>
        <member name="F:Mobilize.WFNetMAP.ConversionTool.Tasks.PreProcessConversionTask.excludedProjects">
            <summary>
            Defines the excludedProjects
            </summary>
        </member>
        <member name="P:Mobilize.WFNetMAP.ConversionTool.Tasks.PreProcessConversionTask.Priority">
            <inheritdoc/>
        </member>
        <member name="M:Mobilize.WFNetMAP.ConversionTool.Tasks.PreProcessConversionTask.StartSolutionAsync(Artinsoft.Common.NetAggregation.NetSolution)">
            <inheritdoc/>
        </member>
        <member name="M:Mobilize.WFNetMAP.ConversionTool.Tasks.PreProcessConversionTask.InitializePreProcessRunner(System.Collections.Generic.List{Artinsoft.Common.NetAggregation.NetProject})">
            <summary>
            The InitializePreProcessRunner
            </summary>
            <param name="listProjects">The listProjects<see cref="T:System.Collections.Generic.List`1"/></param>
        </member>
        <member name="T:Mobilize.WFNetMAP.ConversionTool.Tasks.PrettyPrinterTask">
            <summary>
            This task Prints every source transformed to the correspondant output directory
            </summary>
            <seealso cref="T:Mobilize.WFNetMAP.ConversionTool.Tasks.BaseTask" />
        </member>
        <member name="P:Mobilize.WFNetMAP.ConversionTool.Tasks.PrettyPrinterTask.Priority">
            <inheritdoc/>
        </member>
        <member name="M:Mobilize.WFNetMAP.ConversionTool.Tasks.PrettyPrinterTask.StartProjectAsync(Artinsoft.Common.NetAggregation.NetSolution,Artinsoft.Common.NetAggregation.NetProject)">
            <summary>
            Starts the project asynchronous.
            </summary>
            <param name="solution">The solution.</param>
            <param name="project">The project.</param>
            <returns>The tasks returning bool</returns>
        </member>
        <member name="M:Mobilize.WFNetMAP.ConversionTool.Tasks.PrettyPrinterTask.ProcessAsync(Artinsoft.Common.NetAggregation.NetSolution,Artinsoft.Common.NetAggregation.NetProject,Artinsoft.Common.AST.IAstSource)">
            <inheritdoc/>
        </member>
        <member name="T:Mobilize.WFNetMAP.ConversionTool.Tasks.ProjectGenerationTask">
            <summary>
            This task generates the output migrated solution
            </summary>
            <seealso cref="T:Mobilize.WFNetMAP.ConversionTool.Tasks.BaseTask" />
        </member>
        <member name="P:Mobilize.WFNetMAP.ConversionTool.Tasks.ProjectGenerationTask.Priority">
            <summary>
            Gets the priority.
            </summary>
            <value>
            The priority.
            </value>
        </member>
        <member name="M:Mobilize.WFNetMAP.ConversionTool.Tasks.ProjectGenerationTask.EndProjectAsync(Artinsoft.Common.NetAggregation.NetSolution,Artinsoft.Common.NetAggregation.NetProject)">
            <inheritdoc/>
        </member>
        <member name="T:Mobilize.WFNetMAP.ConversionTool.Tasks.ResourceLicenseTask">
            <summary>
              A strongly-typed resource class, for looking up localized strings, etc.
            </summary>
        </member>
        <member name="P:Mobilize.WFNetMAP.ConversionTool.Tasks.ResourceLicenseTask.ResourceManager">
            <summary>
              Returns the cached ResourceManager instance used by this class.
            </summary>
        </member>
        <member name="P:Mobilize.WFNetMAP.ConversionTool.Tasks.ResourceLicenseTask.Culture">
            <summary>
              Overrides the current thread's CurrentUICulture property for all
              resource lookups using this strongly typed resource class.
            </summary>
        </member>
        <member name="P:Mobilize.WFNetMAP.ConversionTool.Tasks.ResourceLicenseTask.LIC0001">
            <summary>
              Looks up a localized string similar to LIC0001: The solution you&apos;re entering doesn&apos;t match with license&apos;s fingerprint..
            </summary>
        </member>
        <member name="P:Mobilize.WFNetMAP.ConversionTool.Tasks.ResourceLicenseTask.LIC0002">
            <summary>
              Looks up a localized string similar to LIC0002: Remaining lines: {0}.
            </summary>
        </member>
        <member name="P:Mobilize.WFNetMAP.ConversionTool.Tasks.ResourceLicenseTask.LIC0003">
            <summary>
              Looks up a localized string similar to LIC0003: Error updating remaining lines: {0}.
            </summary>
        </member>
        <member name="P:Mobilize.WFNetMAP.ConversionTool.Tasks.ResourceLicenseTask.LIC0004">
            <summary>
              Looks up a localized string similar to LIC0004: No fingerprint..
            </summary>
        </member>
        <member name="P:Mobilize.WFNetMAP.ConversionTool.Tasks.ResourceLicenseTask.LIC0005">
            <summary>
              Looks up a localized string similar to LIC0005: Could not load the license, check if the specified path is correct or the License may have expired..
            </summary>
        </member>
        <member name="P:Mobilize.WFNetMAP.ConversionTool.Tasks.ResourceLicenseTask.LIC0006">
            <summary>
              Looks up a localized string similar to LIC0006: Invalid License. Please contact support..
            </summary>
        </member>
        <member name="P:Mobilize.WFNetMAP.ConversionTool.Tasks.ResourceLicenseTask.LIC0007">
            <summary>
              Looks up a localized string similar to LIC0007: Your solution matches with the license. .
            </summary>
        </member>
        <member name="P:Mobilize.WFNetMAP.ConversionTool.Tasks.ResourceLicenseTask.LIC0008">
            <summary>
              Looks up a localized string similar to LIC0008: The migration must be run with Administrator privileges..
            </summary>
        </member>
        <member name="P:Mobilize.WFNetMAP.ConversionTool.Tasks.ResourceLicenseTask.LIC0009">
            <summary>
              Looks up a localized string similar to LIC0009: The License has not been updated..
            </summary>
        </member>
        <member name="T:Mobilize.WFNetMAP.ConversionTool.Tasks.Runners.PreProcessConversionTaskRunner">
            <summary>
            Class to get the main project of a solution
            </summary>
        </member>
        <member name="M:Mobilize.WFNetMAP.ConversionTool.Tasks.Runners.PreProcessConversionTaskRunner.#ctor">
            <summary>
            Initializes a new instance of the <see cref="T:Mobilize.WFNetMAP.ConversionTool.Tasks.Runners.PreProcessConversionTaskRunner"/> class.
            </summary>
        </member>
        <member name="M:Mobilize.WFNetMAP.ConversionTool.Tasks.Runners.PreProcessConversionTaskRunner.GetFrontEndMainProject(System.Collections.Generic.List{Mobilize.WFNetMAP.ConversionTool.Tasks.NetProjectData},System.String,Microsoft.Extensions.Logging.ILogger,System.String,System.String,System.String@,System.String@)">
            <summary>
            It gets the main project for a solution, by default or one specified by the user
            </summary>
            <param name="projectData">A list of data about the projects</param>
            <param name="mainProject">The name of the main project specified by the user</param>
            <param name="logger">The logger</param>
            <param name="inputRootPath">The inputRootPath of the solution</param>
            <param name="outPutDir">The outPutDir of the solution</param>
            <param name="frontEndAppName">The frontEndAppName for frontend</param>
            <param name="frontEndAppOutputPath">The frontEndAppOutputPath for frontend</param>
        </member>
        <member name="T:Mobilize.WFNetMAP.ConversionTool.Tasks.SolutionGenerationTask">
            <summary>
            This task generates the solution file
            </summary>
            <seealso cref="T:Mobilize.WFNetMAP.ConversionTool.Tasks.BaseTask" />
        </member>
        <member name="P:Mobilize.WFNetMAP.ConversionTool.Tasks.SolutionGenerationTask.Priority">
            <inheritdoc/>
        </member>
        <member name="M:Mobilize.WFNetMAP.ConversionTool.Tasks.SolutionGenerationTask.StartSolutionAsync(Artinsoft.Common.NetAggregation.NetSolution)">
            <inheritdoc/>
        </member>
        <member name="M:Mobilize.WFNetMAP.ConversionTool.Tasks.SolutionGenerationTask.EndSolutionAsync(Artinsoft.Common.NetAggregation.NetSolution)">
            <inheritdoc/>
        </member>
        <member name="T:Mobilize.WFNetMAP.ConversionTool.Tasks.TaskCommonOperations">
            <summary>
            This class contains some common operations used by tasks
            </summary>
        </member>
        <member name="M:Mobilize.WFNetMAP.ConversionTool.Tasks.TaskCommonOperations.BuildContext(Mobilize.TransformationCore.ITransformerComposition)">
            <summary>
            Builds a context with all the services contained in a transformer composition.
            </summary>
            <param name="composition">The composition.</param>
            <returns>The created context with services</returns>
        </member>
        <member name="M:Mobilize.WFNetMAP.ConversionTool.Tasks.TaskCommonOperations.BuildContext(Mobilize.WFNetMAP.ConversionTool.Core.CSharpContext,Mobilize.TransformationCore.ISemanticModel,Mobilize.WFNetMAP.ConversionTool.Core.TransformationInfoService,Mobilize.TransformationCore.ITransformationRulesCatalog)">
            <summary>
            Builds the context based on the baseContext passed and it adds more information to the new context.
            </summary>
            <param name="basecontext">The basecontext.</param>
            <param name="semanticModel">The semantic model.</param>
            <param name="transformationInfoService">The transformation information service.</param>
            <param name="catalog">The rules catalog.</param>
            <returns>
            The created context with services
            </returns>
        </member>
        <member name="M:Mobilize.WFNetMAP.ConversionTool.Tasks.TaskCommonOperations.GetOutputDirectoryPath(System.String,System.String,System.String)">
            <summary>
            Gets the output directory path.
            </summary>
            <param name="filePath">The file path.</param>
            <param name="rootPath">The root path.</param>
            <param name="outputDir">The output dir.</param>
            <returns>The Output Path</returns>
        </member>
        <member name="M:Mobilize.WFNetMAP.ConversionTool.Tasks.TaskCommonOperations.HasInvalidProject(System.Collections.Generic.IEnumerable{System.String},Microsoft.Extensions.Logging.ILogger)">
            <summary>
            Verifies the if there are invalid projects in the solution.
            </summary>
            <param name="projectPaths">The project paths.</param>
            <param name="logger">The logger</param>
            <returns>true if there are invalid projects, otherwise false</returns>
        </member>
        <member name="M:Mobilize.WFNetMAP.ConversionTool.Tasks.TaskCommonOperations.GetSubPath(System.String,System.String)">
            <summary>
            Gets the sub path between a file path and a root.
            </summary>
            <param name="filePath">The file path.</param>
            <param name="rootPath">The root path.</param>
            <returns>The sub path.</returns>
        </member>
        <member name="M:Mobilize.WFNetMAP.ConversionTool.Tasks.TaskCommonOperations.IsCSProject(System.String)">
            <summary>
            Determines whether [is csproj] [the specified project path].
            </summary>
            <param name="projectPath">The project path.</param>
            <returns>
              <c>true</c> if [is csproj] [the specified project path]; otherwise, <c>false</c>.
            </returns>
        </member>
        <member name="T:Mobilize.WFNetMAP.ConversionTool.Tasks.TaskManager">
            <summary>
            This class creates an Evolution Framework process with a set of tasks
            </summary>
        </member>
        <member name="M:Mobilize.WFNetMAP.ConversionTool.Tasks.TaskManager.#ctor(System.String,System.IO.Abstractions.IFileSystem,System.String,System.Collections.Generic.IDictionary{System.String,System.String},System.String[],Mobilize.HtmlGenerator.Abstractions.Interfaces.IPoRTConfiguration,Mobilize.WFNetMAP.ConversionTool.Tasks.TaskManagerParams)">
            <summary>
            Initializes a new instance of the <see cref="T:Mobilize.WFNetMAP.ConversionTool.Tasks.TaskManager" /> class.
            </summary>
            <param name="inputSolution">The input solution.</param>
            <param name="fileSystem">The file system.</param>
            <param name="outputDir">The output dir</param>
            <param name="nugetsInformation">The nugets dependency  information.</param>
            <param name="mappingsDirectory">The mappings directory.</param>
            <param name="portConfiguration">The PoRT configuration</param>
            <param name="taskparams">The task parameters.</param>
        </member>
        <member name="P:Mobilize.WFNetMAP.ConversionTool.Tasks.TaskManager.CompositionDir">
            <summary>
            Gets the composition dir of the rules, collectors and services to load by MEF.
            </summary>
            <value>
            The output dir.
            </value>
        </member>
        <member name="P:Mobilize.WFNetMAP.ConversionTool.Tasks.TaskManager.Reports">
            <summary>
            Gets or sets the reports.
            </summary>
            <value>
            The reports.
            </value>
        </member>
        <member name="M:Mobilize.WFNetMAP.ConversionTool.Tasks.TaskManager.Execute">
            <summary>
            Executes the Evolution Framework process.
            </summary>
        </member>
        <member name="T:Mobilize.WFNetMAP.ConversionTool.Tasks.TaskManager.SolutionProgress">
            <summary>
            The progress reporter for the transformer
            </summary>
        </member>
        <member name="M:Mobilize.WFNetMAP.ConversionTool.Tasks.TaskManager.SolutionProgress.Report(Mobilize.Common.NetAggregation.Tasks.AsyncDotNetTask.ProgressInfo)">
            <summary>
            Reports a progress update.
            </summary>
            <param name="value">The value of the updated progress.</param>
        </member>
        <member name="T:Mobilize.WFNetMAP.ConversionTool.Tasks.TaskManagerParams">
            <summary>
            Parameters to be passed to TaskManager
            </summary>
        </member>
        <member name="P:Mobilize.WFNetMAP.ConversionTool.Tasks.TaskManagerParams.FrontEndGeneration">
            <summary>
            Gets or sets a value indicating whether the conversion process should generate only front end file
            </summary>
        </member>
        <member name="P:Mobilize.WFNetMAP.ConversionTool.Tasks.TaskManagerParams.PageObjectGeneration">
            <summary>
            Gets or sets a value indicating whether the conversion process should generate only page objects xmls
            </summary>
        </member>
        <member name="P:Mobilize.WFNetMAP.ConversionTool.Tasks.TaskManagerParams.UseProductionNugets">
            <summary>
            Gets or sets a value indicating whether [use production nugets].
            </summary>
            <value>
              <c>true</c> if [use production nugets]; otherwise, <c>false</c>.
            </value>
        </member>
        <member name="P:Mobilize.WFNetMAP.ConversionTool.Tasks.TaskManagerParams.LicensePath">
            <summary>
            Gets or sets a value indicating the LicensePath
            </summary>
        </member>
        <member name="P:Mobilize.WFNetMAP.ConversionTool.Tasks.TaskManagerParams.MainProject">
            <summary>
            Gets or sets the main project of the solution
            </summary>
        </member>
        <member name="P:Mobilize.WFNetMAP.ConversionTool.Tasks.TaskManagerParams.ByRefFeature">
            <summary>
            Gets or sets the by reference option.
            </summary>
            <value>
            The by reference option.
            </value>
        </member>
        <member name="T:Mobilize.WFNetMAP.ConversionTool.Tasks.TransformationsTask">
            <summary>
            This task transforms a class into an observable class
            </summary>
            <seealso cref="T:Mobilize.WFNetMAP.ConversionTool.Tasks.BaseTask" />
        </member>
        <member name="P:Mobilize.WFNetMAP.ConversionTool.Tasks.TransformationsTask.Priority">
            <inheritdoc/>
        </member>
        <member name="M:Mobilize.WFNetMAP.ConversionTool.Tasks.TransformationsTask.ApplyRules(Mobilize.TransformationCore.IContext,Artinsoft.Common.AST.ICompound)">
            <summary>
            Applies the rules.
            </summary>
            <param name="context">The context.</param>
            <param name="root">The root.</param>
            <returns>The transformed compound.</returns>
        </member>
        <member name="M:Mobilize.WFNetMAP.ConversionTool.Tasks.TransformationsTask.ProcessAsync(Artinsoft.Common.NetAggregation.NetSolutionInstance,Artinsoft.Common.NetAggregation.NetProjectInstance,Artinsoft.Common.NetAggregation.ProjectSymbols,Artinsoft.Common.AST.AstSource)">
            <inheritdoc/>
        </member>
        <member name="M:Mobilize.WFNetMAP.ConversionTool.Tasks.TransformationsTask.StartProjectAsync(Artinsoft.Common.NetAggregation.NetSolution,Artinsoft.Common.NetAggregation.NetProject)">
            <summary>
            Starts the project asynchronous.
            </summary>
            <param name="solution">The solution.</param>
            <param name="project">The project.</param>
            <returns>The tasks returning bool</returns>
        </member>
        <member name="T:Mobilize.WFNetMAP.ConversionTool.CustomFileWriterTraceListener">
            <summary>
            A custom <see cref="T:System.Diagnostics.TextWriterTraceListener"/> which incorporates datetime information in the log names.
            </summary>
        </member>
        <member name="M:Mobilize.WFNetMAP.ConversionTool.CustomFileWriterTraceListener.#ctor(System.String,System.String)">
            <summary>
            Initializes a new instance of the <see cref="T:Mobilize.WFNetMAP.ConversionTool.CustomFileWriterTraceListener" /> class.
            </summary>
            <param name="logOutputPath">The log output path.</param>
            <param name="name">The prefix name.</param>
        </member>
        <member name="M:Mobilize.WFNetMAP.ConversionTool.CustomFileWriterTraceListener.TraceEvent(System.Diagnostics.TraceEventCache,System.String,System.Diagnostics.TraceEventType,System.Int32,System.String)">
            <inheritdoc/>
        </member>
        <member name="M:Mobilize.WFNetMAP.ConversionTool.CustomFileWriterTraceListener.TraceEvent(System.Diagnostics.TraceEventCache,System.String,System.Diagnostics.TraceEventType,System.Int32,System.String,System.Object[])">
            <inheritdoc/>
        </member>
        <member name="M:Mobilize.WFNetMAP.ConversionTool.CustomFileWriterTraceListener.AddHeader(System.Diagnostics.TraceEventType)">
            <summary>
            Adds a header to the log entry.
            </summary>
            <param name="eventType">The type of event for the log entry.</param>
        </member>
    </members>
</doc>
