<?xml version="1.0" encoding="utf-8" ?>
<Filter>
  <Assembly Name="System.Design" />
  <Assembly Name="System.Xml.Linq" />
  <Assembly Name="System.Configuration" />
  <Assembly Name="System.ServiceProcess" />
  <Assembly Name="System.DirectoryServices" />
  <Assembly Name="System.Web.Extensions" />
  <Assembly Name="System.Web" />
  <Assembly Name="System.Web.Services" />
  <Assembly Name="System.ServiceModel.Web" />
  <Assembly Name="System.Transactions" />
  <Assembly Name="Moq" />
  <Assembly Name="System.IdentityModel" />
  <Assembly Name="System.Runtime.Serialization" />
  <Assembly Name="System" />
  <Assembly Name="System.Data" />
  <Assembly Name="System.Core" />
  <Assembly Name="System.ServiceModel" />
  <Assembly Name="System.Xml" />
  <Assembly Name="mscorlib" />

  <!--VBUC UpgradeHelpers Filter | All these assemblies are added to the migrated solution -->
  <Assembly Name="UpgradeHelpers.DB.Essentials"/>
  <Assembly Name="UpgradeHelpers.Utils"/>
  <Namespace Name="UpgradeHelpers.DB"/>
  <Namespace Name="UpgradeHelpers.DB.ADO"/>
  <Namespace Name="UpgradeHelpers.DB.DAO"/>
  <Namespace Name="UpgradeHelpers.DB.ADO.Events"/>

  <Namespace Name="System.ComponentModel"/>
  <Namespace Name="System.Drawing.Imaging"/>
  
  <Class Name="System.Drawing.Point"/>
  <Class Name="System.Drawing.Size"/>
  <Class Name="System.Drawing.SizeF"/>
  <Class Name="System.Drawing.Color"/>
  <Class Name="System.Drawing.Rectangle"/>
  <Class Name="Microsoft.VisualBasic.Strings"/>
  <Class Name="Microsoft.VisualBasic.CompareMethod"/>
  <Class Name="Microsoft.VisualBasic.VbStrConv"/>
  <Class Name="Microsoft.VisualBasic.TriState"/>

  <!-- These classes were added to support a smooth migration of the TailwindPOS demo -->
  <Class Name="DSIEMVXLib.DsiEMVX"/>
  <Class Name="MSXML2.ServerXMLHTTP60"/>
  <Class Name="IWshRuntimeLibrary.WshShell"/>
  <Class Name="IWshRuntimeLibrary.IWshExec"/>
  
  <ForceInclude Namespace="System.Media" Class="*"/>
</Filter>
