<?xml version="1.0"?>
<doc>
    <assembly>
        <name>Mobilize.Collectors.PropertiesPostProcessors</name>
    </assembly>
    <members>
        <member name="T:Mobilize.PropertiesPostProcessor.PostProcessors.AdoDataControlHelperPostProcessor">
            <summary>
            AdoDataControlHelper Post Processor
            </summary>
        </member>
        <member name="P:Mobilize.PropertiesPostProcessor.PostProcessors.AdoDataControlHelperPostProcessor.Type">
            <inheritdoc/>
        </member>
        <member name="M:Mobilize.PropertiesPostProcessor.PostProcessors.AdoDataControlHelperPostProcessor.PostProcessProperties(Mobilize.HtmlGenerator.Abstractions.Interfaces.IView,Mobilize.PropertiesPostProcessor.Abstractions.ICollectionInformation)">
            <inheritdoc/>
        </member>
        <member name="T:Mobilize.PropertiesPostProcessor.PostProcessors.StatusStripPostProcessor">
            <summary>
            Status Strip Post Processor
            </summary>
        </member>
        <member name="P:Mobilize.PropertiesPostProcessor.PostProcessors.StatusStripPostProcessor.Type">
            <inheritdoc/>
        </member>
        <member name="M:Mobilize.PropertiesPostProcessor.PostProcessors.StatusStripPostProcessor.PostProcessProperties(Mobilize.HtmlGenerator.Abstractions.Interfaces.IView,Mobilize.PropertiesPostProcessor.Abstractions.ICollectionInformation)">
            <inheritdoc/>
        </member>
        <member name="T:Mobilize.PropertiesPostProcessor.Utilities.PropertiesPostProcessingUtils">
            <summary>
            Utility methods for Properties Post Processing
            </summary>
        </member>
        <member name="M:Mobilize.PropertiesPostProcessor.Utilities.PropertiesPostProcessingUtils.TryGetPropertyValue(Mobilize.HtmlGenerator.Abstractions.Interfaces.IView,System.String,System.String@)">
            <summary>
            Tries the get property value.
            </summary>
            <param name="view">The view.</param>
            <param name="property">The property.</param>
            <param name="value">The value.</param>
            <returns>True if property value was found</returns>
        </member>
        <member name="M:Mobilize.PropertiesPostProcessor.Utilities.PropertiesPostProcessingUtils.HasProperty(Mobilize.HtmlGenerator.Abstractions.Interfaces.IView,System.String)">
            <summary>
            Determines whether the specified view has the property.
            </summary>
            <param name="view">The view.</param>
            <param name="property">The property.</param>
            <returns>
              <c>true</c> if the specified view has the property; otherwise, <c>false</c>.
            </returns>
        </member>
    </members>
</doc>
