<?xml version="1.0"?>
<doc>
    <assembly>
        <name>Mobilize.Collectors.UICollector</name>
    </assembly>
    <members>
        <member name="T:Mobilize.Collectors.UICollector.Resources">
            <summary>
              A strongly-typed resource class, for looking up localized strings, etc.
            </summary>
        </member>
        <member name="P:Mobilize.Collectors.UICollector.Resources.ResourceManager">
            <summary>
              Returns the cached ResourceManager instance used by this class.
            </summary>
        </member>
        <member name="P:Mobilize.Collectors.UICollector.Resources.Culture">
            <summary>
              Overrides the current thread's CurrentUICulture property for all
              resource lookups using this strongly typed resource class.
            </summary>
        </member>
        <member name="P:Mobilize.Collectors.UICollector.Resources.UI0001">
            <summary>
              Looks up a localized string similar to UI0001: No type information found for class {0} at {1} ({2},{3}).
            </summary>
        </member>
        <member name="P:Mobilize.Collectors.UICollector.Resources.UI0002">
            <summary>
              Looks up a localized string similar to UI0002: Type information on Error State. This affects the UI Extraction process for class {0} at {1} ({2},{3}).
            </summary>
        </member>
        <member name="P:Mobilize.Collectors.UICollector.Resources.UI0003">
            <summary>
              Looks up a localized string similar to UI0003: No view information collectd for field {0} type {1}. Invalid or missing semantic information.
            </summary>
        </member>
        <member name="P:Mobilize.Collectors.UICollector.Resources.UI0004">
            <summary>
              Looks up a localized string similar to UI0004: Error loading property processor by MEF. Please check if the property processors are correctly deployed..
            </summary>
        </member>
        <member name="P:Mobilize.Collectors.UICollector.Resources.UI0005">
            <summary>
              Looks up a localized string similar to UI0005: The following properties of the class {0} were not collected for the front-end generation purposes: {1}.
            </summary>
        </member>
        <member name="P:Mobilize.Collectors.UICollector.Resources.UI0006">
            <summary>
              Looks up a localized string similar to UI0006: Child {0} not found while trying to move it to new parentChild {1}.
            </summary>
        </member>
        <member name="T:Mobilize.Collectors.UICollector.UICollector">
            <summary>
            Partial class for CollectorContext nested class
            </summary>
            <summary>
            UI Collector finds all the view to be generated as HTML
            </summary>
            <seealso cref="T:Mobilize.TransformationCore.ICollector" />
        </member>
        <member name="T:Mobilize.Collectors.UICollector.UICollector.CollectorContext">
            <summary>
            Collector context encapsulates some of the logic related to manipulating
            the data structures that handle view information
            </summary>
        </member>
        <member name="M:Mobilize.Collectors.UICollector.UICollector.CollectorContext.#ctor(System.String,Microsoft.Extensions.Logging.ILogger)">
            <summary>
            Initializes a new instance of the <see cref="T:Mobilize.Collectors.UICollector.UICollector.CollectorContext"/> class.
            </summary>
            <param name="className">the current class name</param>
            <param name="logger">a logger</param>
        </member>
        <member name="P:Mobilize.Collectors.UICollector.UICollector.CollectorContext.ViewChildren">
            <summary>
            Gets the list of Views on the context of this Form
            </summary>
        </member>
        <member name="P:Mobilize.Collectors.UICollector.UICollector.CollectorContext.ClassName">
            <summary>
            Gets the class name for the view
            </summary>
        </member>
        <member name="P:Mobilize.Collectors.UICollector.UICollector.CollectorContext.Logger">
            <summary>
            Gets the logger
            </summary>
        </member>
        <member name="M:Mobilize.Collectors.UICollector.UICollector.CollectorContext.FindView(System.String)">
            <summary>
            Return the view due the given name.
            It returns an object due to issues with references
            </summary>
            <param name="name">the name of the view</param>
            <returns>A view</returns>
        </member>
        <member name="M:Mobilize.Collectors.UICollector.UICollector.CollectorContext.MoveChildToParent(System.String,System.String)">
            <summary>
            Moves a child from the global ViewChildren collection to be as a child of another existing view
            </summary>
            <param name="parent">parent view name</param>
            <param name="child">child view name</param>
        </member>
        <member name="M:Mobilize.Collectors.UICollector.UICollector.CollectorContext.SyncChildren(System.Collections.Generic.IEnumerable{Mobilize.HtmlGenerator.Abstractions.Interfaces.IView})">
            <summary>
            Syncronizes children views
            </summary>
            <param name="currentChildren">an enumeration of children</param>
        </member>
        <member name="P:Mobilize.Collectors.UICollector.UICollector.Input">
            <inheritdoc/>
        </member>
        <member name="P:Mobilize.Collectors.UICollector.UICollector.Output">
            <inheritdoc/>
        </member>
        <member name="P:Mobilize.Collectors.UICollector.UICollector.Priority">
            <inheritdoc/>
        </member>
        <member name="P:Mobilize.Collectors.UICollector.UICollector.Catalog">
            <summary>
            Gets or sets frontEnd generator catalog
            </summary>
        </member>
        <member name="P:Mobilize.Collectors.UICollector.UICollector.Logger">
            <summary>
            Gets or sets the logger
            </summary>
        </member>
        <member name="P:Mobilize.Collectors.UICollector.UICollector.PropertyProcessor">
            <summary>
            Gets or sets the property collectors.
            </summary>
            <value>
            The property collectors.
            </value>
        </member>
        <member name="P:Mobilize.Collectors.UICollector.UICollector.PropertyPostProcessors">
            <summary>
            Gets or sets the property post processors.
            </summary>
            <value>
            The property post processors.
            </value>
        </member>
        <member name="M:Mobilize.Collectors.UICollector.UICollector.Collect(Mobilize.TransformationCore.ITransformationUnit,Mobilize.TransformationCore.IContext)">
            <inheritdoc/>
        </member>
        <member name="M:Mobilize.Collectors.UICollector.UICollector.PropertiesPostProcessing(Mobilize.PropertiesPostProcessor.Abstractions.ICollectionInformation)">
            <summary>
            Post processes the properties.
            </summary>
            <param name="info">The information.</param>
        </member>
        <member name="M:Mobilize.Collectors.UICollector.UICollector.CollectViewUserControl(Mobilize.Common.DotNet.Symbols.ISymbol,System.String,System.Collections.Generic.IDictionary{System.String,Mobilize.HtmlGenerator.Abstractions.Interfaces.IView})">
            <summary>
            Collects the View of a User Control
            </summary>
            <param name="symbol">The symbol.</param>
            <param name="name">The name.</param>
            <param name="viewChildren">The view children.</param>
        </member>
        <member name="M:Mobilize.Collectors.UICollector.UICollector.CreateChild(Mobilize.Common.DotNet.Symbols.ISymbol,System.String,System.Collections.Generic.IDictionary{System.String,Mobilize.HtmlGenerator.Abstractions.Interfaces.IView},System.String,System.String)">
            <summary>
            Creates the child.
            </summary>
            <param name="symbol">The symbol</param>
            <param name="name">The name</param>
            <param name="viewChildren">The ViewChildren</param>
            <param name="type">The type</param>
            <param name="qualifiedName">The qualified name</param>
        </member>
        <member name="M:Mobilize.Collectors.UICollector.UICollector.UserControlHasHtmlMap(Mobilize.Common.DotNet.Symbols.ISymbol)">
            <summary>
            Checks if the UserControl has a custom map in the HtmlGenerator
            </summary>
            <param name="symbol">The symbol of the control</param>
            <returns>True if the HtmlGenerator contains a map for this user control</returns>
        </member>
    </members>
</doc>
